"time","asset_id","client_id","hardware_id","location_id","fields"
2023-07-19 20:07:38.574,4431,858,"354616090369062",1582,"{""key"": false, ""flip"": false, ""zone"": false, ""speed"": 12.4084, ""buzzer"": 0, ""engine"": false, ""in_zone"": true, ""ignition"": true, ""latitude"": 25.93133, ""direction"": 293, ""longitude"": -80.1201366, ""gsm_signal"": 25, ""sleep_mode"": false, ""staff_mode"": true, ""fault_codes"": [], ""speed_limit"": 0, ""engine_hours"": 1417, ""idc_triggers"": [], ""buzzer_active"": false, ""fuel_level_avg"": 19, ""lock_geo_alert"": false, ""operation_mode"": ""MASTER"", ""battery_voltage"": 14.399999618530273, ""in_primary_zone"": false, ""lock_engine_alert"": false, ""in_restricted_zone"": false, ""onboard_geofencing"": false, ""speed_limit_active"": false}"
2023-07-19 20:07:37.536,4431,858,"354616090369062",1582,"{""key"": false, ""flip"": false, ""zone"": false, ""speed"": 13.89, ""buzzer"": 0, ""engine"": false, ""in_zone"": true, ""ignition"": true, ""latitude"": 25.9313183, ""direction"": 284, ""longitude"": -80.1201016, ""gsm_signal"": 25, ""sleep_mode"": false, ""staff_mode"": true, ""fault_codes"": [], ""speed_limit"": 0, ""engine_hours"": 1417, ""idc_triggers"": [], ""buzzer_active"": false, ""fuel_level_avg"": 19, ""lock_geo_alert"": false, ""operation_mode"": ""MASTER"", ""battery_voltage"": 14.399999618530273, ""in_primary_zone"": false, ""lock_engine_alert"": false, ""in_restricted_zone"": false, ""onboard_geofencing"": false, ""speed_limit_active"": false}"
2023-07-19 20:07:36.574,4431,858,"354616090369062",1582,"{""key"": false, ""flip"": false, ""zone"": false, ""speed"": 15.0012, ""buzzer"": 0, ""engine"": true, ""in_zone"": true, ""ignition"": true, ""latitude"": 25.931305000000002, ""direction"": 302, ""longitude"": -80.12006, ""gsm_signal"": 25, ""sleep_mode"": false, ""staff_mode"": true, ""fault_codes"": [], ""speed_limit"": 0, ""engine_hours"": 1417, ""idc_triggers"": [], ""buzzer_active"": false, ""fuel_level_avg"": 19, ""lock_geo_alert"": false, ""operation_mode"": ""MASTER"", ""battery_voltage"": 14.399999618530273, ""in_primary_zone"": false, ""lock_engine_alert"": false, ""in_restricted_zone"": false, ""onboard_geofencing"": false, ""speed_limit_active"": false}"
2023-07-19 20:07:35.534,4431,858,"354616090369062",1582,"{""key"": false, ""flip"": false, ""zone"": false, ""speed"": 12.7788, ""buzzer"": 0, ""engine"": true, ""in_zone"": true, ""ignition"": true, ""latitude"": 25.9312783, ""direction"": 320, ""longitude"": -80.120025, ""gsm_signal"": 25, ""sleep_mode"": false, ""staff_mode"": true, ""fault_codes"": [], ""speed_limit"": 0, ""engine_hours"": 1417, ""idc_triggers"": [], ""buzzer_active"": false, ""fuel_level_avg"": 19, ""lock_geo_alert"": false, ""operation_mode"": ""MASTER"", ""battery_voltage"": 14.399999618530273, ""in_primary_zone"": false, ""lock_engine_alert"": false, ""in_restricted_zone"": false, ""onboard_geofencing"": false, ""speed_limit_active"": false}"
2023-07-19 20:07:34.575,4431,858,"354616090369062",1582,"{""key"": false, ""flip"": false, ""zone"": false, ""speed"": 10.3712, ""buzzer"": 0, ""engine"": true, ""in_zone"": true, ""ignition"": true, ""latitude"": 25.9312533, ""direction"": 345, ""longitude"": -80.1200082, ""gsm_signal"": 27, ""sleep_mode"": false, ""staff_mode"": true, ""fault_codes"": [], ""speed_limit"": 0, ""engine_hours"": 1417, ""idc_triggers"": [], ""buzzer_active"": false, ""fuel_level_avg"": 30, ""lock_geo_alert"": false, ""operation_mode"": ""MASTER"", ""battery_voltage"": 14.449999809265137, ""in_primary_zone"": false, ""lock_engine_alert"": false, ""in_restricted_zone"": false, ""onboard_geofencing"": false, ""speed_limit_active"": false}"
2023-07-19 20:07:33.535,4431,858,"354616090369062",1582,"{""key"": false, ""flip"": false, ""zone"": false, ""speed"": 8.519200000000001, ""buzzer"": 0, ""engine"": true, ""in_zone"": true, ""ignition"": true, ""latitude"": 25.9312283, ""direction"": 356, ""longitude"": -80.1200016, ""gsm_signal"": 28, ""sleep_mode"": false, ""staff_mode"": true, ""fault_codes"": [], ""speed_limit"": 0, ""engine_hours"": 1417, ""idc_triggers"": [], ""buzzer_active"": false, ""fuel_level_avg"": 30, ""lock_geo_alert"": false, ""operation_mode"": ""MASTER"", ""battery_voltage"": 14.449999809265137, ""in_primary_zone"": false, ""lock_engine_alert"": false, ""in_restricted_zone"": false, ""onboard_geofencing"": false, ""speed_limit_active"": false}"
2023-07-19 20:07:32.574,4431,858,"354616090369062",1582,"{""key"": false, ""flip"": false, ""zone"": false, ""speed"": 10.5564, ""buzzer"": 0, ""engine"": true, ""in_zone"": true, ""ignition"": true, ""latitude"": 25.931205, ""direction"": 327, ""longitude"": -80.1200016, ""gsm_signal"": 27, ""sleep_mode"": false, ""staff_mode"": true, ""fault_codes"": [], ""speed_limit"": 0, ""engine_hours"": 1417, ""idc_triggers"": [], ""buzzer_active"": false, ""fuel_level_avg"": 30, ""lock_geo_alert"": false, ""operation_mode"": ""MASTER"", ""battery_voltage"": 14.449999809265137, ""in_primary_zone"": false, ""lock_engine_alert"": false, ""in_restricted_zone"": false, ""onboard_geofencing"": false, ""speed_limit_active"": false}"
2023-07-19 20:07:31.535,4431,858,"354616090369062",1582,"{""key"": false, ""flip"": false, ""zone"": false, ""speed"": 14.445600000000002, ""buzzer"": 0, ""engine"": true, ""in_zone"": true, ""ignition"": true, ""latitude"": 25.9311816, ""direction"": 300, ""longitude"": -80.1199866, ""gsm_signal"": 29, ""sleep_mode"": false, ""staff_mode"": true, ""fault_codes"": [], ""speed_limit"": 0, ""engine_hours"": 1417, ""idc_triggers"": [], ""buzzer_active"": false, ""fuel_level_avg"": 30, ""lock_geo_alert"": false, ""operation_mode"": ""MASTER"", ""battery_voltage"": 14.449999809265137, ""in_primary_zone"": false, ""lock_engine_alert"": false, ""in_restricted_zone"": false, ""onboard_geofencing"": false, ""speed_limit_active"": false}"
2023-07-19 20:07:30.575,4431,858,"354616090369062",1582,"{""key"": false, ""flip"": false, ""zone"": false, ""speed"": 17.038400000000003, ""buzzer"": 0, ""engine"": true, ""in_zone"": true, ""ignition"": true, ""latitude"": 25.9311633, ""direction"": 282, ""longitude"": -80.11995, ""gsm_signal"": 26, ""sleep_mode"": false, ""staff_mode"": true, ""fault_codes"": [], ""speed_limit"": 0, ""engine_hours"": 1417, ""idc_triggers"": [], ""buzzer_active"": false, ""fuel_level_avg"": 30, ""lock_geo_alert"": false, ""operation_mode"": ""MASTER"", ""battery_voltage"": 14.449999809265137, ""in_primary_zone"": false, ""lock_engine_alert"": false, ""in_restricted_zone"": false, ""onboard_geofencing"": false, ""speed_limit_active"": false}"
2023-07-19 20:07:29.535,4431,858,"354616090369062",1582,"{""key"": false, ""flip"": false, ""zone"": false, ""speed"": 17.594, ""buzzer"": 0, ""engine"": true, ""in_zone"": true, ""ignition"": true, ""latitude"": 25.9311566, ""direction"": 272, ""longitude"": -80.1199016, ""gsm_signal"": 25, ""sleep_mode"": false, ""staff_mode"": true, ""fault_codes"": [], ""speed_limit"": 0, ""engine_hours"": 1417, ""idc_triggers"": [], ""buzzer_active"": false, ""fuel_level_avg"": 30, ""lock_geo_alert"": false, ""operation_mode"": ""MASTER"", ""battery_voltage"": 14.449999809265137, ""in_primary_zone"": false, ""lock_engine_alert"": false, ""in_restricted_zone"": false, ""onboard_geofencing"": false, ""speed_limit_active"": false}"
2023-07-19 20:07:28.495,4431,858,"354616090369062",1582,"{""key"": false, ""flip"": false, ""zone"": false, ""speed"": 17.408800000000003, ""buzzer"": 0, ""engine"": true, ""in_zone"": true, ""ignition"": true, ""latitude"": 25.931155, ""direction"": 268, ""longitude"": -80.1198532, ""gsm_signal"": 25, ""sleep_mode"": false, ""staff_mode"": true, ""fault_codes"": [], ""speed_limit"": 0, ""engine_hours"": 1417, ""idc_triggers"": [], ""buzzer_active"": false, ""fuel_level_avg"": 30, ""lock_geo_alert"": false, ""operation_mode"": ""MASTER"", ""battery_voltage"": 14.449999809265137, ""in_primary_zone"": false, ""lock_engine_alert"": false, ""in_restricted_zone"": false, ""onboard_geofencing"": false, ""speed_limit_active"": false}"
2023-07-19 20:07:27.535,4431,858,"354616090369062",1582,"{""key"": false, ""flip"": false, ""zone"": false, ""speed"": 20.1868, ""buzzer"": 0, ""engine"": true, ""in_zone"": true, ""ignition"": true, ""latitude"": 25.931155, ""direction"": 270, ""longitude"": -80.1198, ""gsm_signal"": 26, ""sleep_mode"": false, ""staff_mode"": true, ""fault_codes"": [], ""speed_limit"": 0, ""engine_hours"": 1417, ""idc_triggers"": [], ""buzzer_active"": false, ""fuel_level_avg"": 30, ""lock_geo_alert"": false, ""operation_mode"": ""MASTER"", ""battery_voltage"": 14.449999809265137, ""in_primary_zone"": false, ""lock_engine_alert"": false, ""in_restricted_zone"": false, ""onboard_geofencing"": false, ""speed_limit_active"": false}"
2023-07-19 20:07:26.574,4431,858,"354616090369062",1582,"{""key"": false, ""flip"": false, ""zone"": false, ""speed"": 21.1128, ""buzzer"": 0, ""engine"": true, ""in_zone"": true, ""ignition"": true, ""latitude"": 25.931155, ""direction"": 272, ""longitude"": -80.1197416, ""gsm_signal"": 24, ""sleep_mode"": false, ""staff_mode"": true, ""fault_codes"": [], ""speed_limit"": 0, ""engine_hours"": 1417, ""idc_triggers"": [], ""buzzer_active"": false, ""fuel_level_avg"": 30, ""lock_geo_alert"": false, ""operation_mode"": ""MASTER"", ""battery_voltage"": 14.449999809265137, ""in_primary_zone"": false, ""lock_engine_alert"": false, ""in_restricted_zone"": false, ""onboard_geofencing"": false, ""speed_limit_active"": false}"
2023-07-19 20:07:25.534,4431,858,"354616090369062",1582,"{""key"": false, ""flip"": false, ""zone"": false, ""speed"": 20.001600000000003, ""buzzer"": 0, ""engine"": true, ""in_zone"": true, ""ignition"": true, ""latitude"": 25.9311533, ""direction"": 272, ""longitude"": -80.11968, ""gsm_signal"": 23, ""sleep_mode"": false, ""staff_mode"": true, ""fault_codes"": [], ""speed_limit"": 0, ""engine_hours"": 1417, ""idc_triggers"": [], ""buzzer_active"": false, ""fuel_level_avg"": 30, ""lock_geo_alert"": false, ""operation_mode"": ""MASTER"", ""battery_voltage"": 14.449999809265137, ""in_primary_zone"": false, ""lock_engine_alert"": false, ""in_restricted_zone"": false, ""onboard_geofencing"": false, ""speed_limit_active"": false}"
2023-07-19 20:07:24.495,4431,858,"354616090369062",1582,"{""key"": false, ""flip"": false, ""zone"": false, ""speed"": 20.001600000000003, ""buzzer"": 0, ""engine"": true, ""in_zone"": true, ""ignition"": true, ""latitude"": 25.93115, ""direction"": 274, ""longitude"": -80.11962, ""gsm_signal"": 23, ""sleep_mode"": false, ""staff_mode"": true, ""fault_codes"": [], ""speed_limit"": 0, ""engine_hours"": 1417, ""idc_triggers"": [], ""buzzer_active"": false, ""fuel_level_avg"": 30, ""lock_geo_alert"": false, ""operation_mode"": ""MASTER"", ""battery_voltage"": 14.449999809265137, ""in_primary_zone"": false, ""lock_engine_alert"": false, ""in_restricted_zone"": false, ""onboard_geofencing"": false, ""speed_limit_active"": false}"
2023-07-19 20:07:23.534,4431,858,"354616090369062",1582,"{""key"": false, ""flip"": false, ""zone"": false, ""speed"": 21.298000000000002, ""buzzer"": 0, ""engine"": true, ""in_zone"": true, ""ignition"": true, ""latitude"": 25.931145, ""direction"": 276, ""longitude"": -80.1195566, ""gsm_signal"": 25, ""sleep_mode"": false, ""staff_mode"": true, ""fault_codes"": [], ""speed_limit"": 0, ""engine_hours"": 1417, ""idc_triggers"": [], ""buzzer_active"": false, ""fuel_level_avg"": 30, ""lock_geo_alert"": false, ""operation_mode"": ""MASTER"", ""battery_voltage"": 14.449999809265137, ""in_primary_zone"": false, ""lock_engine_alert"": false, ""in_restricted_zone"": false, ""onboard_geofencing"": false, ""speed_limit_active"": false}"
2023-07-19 20:07:22.495,4431,858,"354616090369062",1582,"{""key"": false, ""flip"": false, ""zone"": false, ""speed"": 22.779600000000002, ""buzzer"": 0, ""engine"": true, ""in_zone"": true, ""ignition"": true, ""latitude"": 25.9311383, ""direction"": 267, ""longitude"": -80.1194816, ""gsm_signal"": 24, ""sleep_mode"": false, ""staff_mode"": true, ""fault_codes"": [], ""speed_limit"": 0, ""engine_hours"": 1417, ""idc_triggers"": [], ""buzzer_active"": false, ""fuel_level_avg"": 30, ""lock_geo_alert"": false, ""operation_mode"": ""MASTER"", ""battery_voltage"": 14.449999809265137, ""in_primary_zone"": false, ""lock_engine_alert"": false, ""in_restricted_zone"": false, ""onboard_geofencing"": false, ""speed_limit_active"": false}"
2023-07-19 20:07:21.535,4431,858,"354616090369062",1582,"{""key"": false, ""flip"": false, ""zone"": false, ""speed"": 20.7424, ""buzzer"": 0, ""engine"": true, ""in_zone"": true, ""ignition"": true, ""latitude"": 25.9311433, ""direction"": 262, ""longitude"": -80.11942, ""gsm_signal"": 23, ""sleep_mode"": false, ""staff_mode"": true, ""fault_codes"": [], ""speed_limit"": 0, ""engine_hours"": 1417, ""idc_triggers"": [], ""buzzer_active"": false, ""fuel_level_avg"": 30, ""lock_geo_alert"": false, ""operation_mode"": ""MASTER"", ""battery_voltage"": 14.449999809265137, ""in_primary_zone"": false, ""lock_engine_alert"": false, ""in_restricted_zone"": false, ""onboard_geofencing"": false, ""speed_limit_active"": false}"
2023-07-19 20:07:20.575,4431,858,"354616090369062",1582,"{""key"": false, ""flip"": false, ""zone"": false, ""speed"": 20.5572, ""buzzer"": 0, ""engine"": true, ""in_zone"": true, ""ignition"": true, ""latitude"": 25.9311533, ""direction"": 256, ""longitude"": -80.1193616, ""gsm_signal"": 22, ""sleep_mode"": false, ""staff_mode"": true, ""fault_codes"": [], ""speed_limit"": 0, ""engine_hours"": 1417, ""idc_triggers"": [], ""buzzer_active"": false, ""fuel_level_avg"": 30, ""lock_geo_alert"": false, ""operation_mode"": ""MASTER"", ""battery_voltage"": 14.449999809265137, ""in_primary_zone"": false, ""lock_engine_alert"": false, ""in_restricted_zone"": false, ""onboard_geofencing"": false, ""speed_limit_active"": false}"
2023-07-19 20:07:19.535,4431,858,"354616090369062",1582,"{""key"": false, ""flip"": false, ""zone"": false, ""speed"": 20.5572, ""buzzer"": 0, ""engine"": true, ""in_zone"": true, ""ignition"": true, ""latitude"": 25.9311633, ""direction"": 262, ""longitude"": -80.119305, ""gsm_signal"": 25, ""sleep_mode"": false, ""staff_mode"": true, ""fault_codes"": [], ""speed_limit"": 0, ""engine_hours"": 1417, ""idc_triggers"": [], ""buzzer_active"": false, ""fuel_level_avg"": 30, ""lock_geo_alert"": false, ""operation_mode"": ""MASTER"", ""battery_voltage"": 14.449999809265137, ""in_primary_zone"": false, ""lock_engine_alert"": false, ""in_restricted_zone"": false, ""onboard_geofencing"": false, ""speed_limit_active"": false}"
2023-07-19 20:07:18.498,4431,858,"354616090369062",1582,"{""key"": false, ""flip"": false, ""zone"": false, ""speed"": 19.8164, ""buzzer"": 0, ""engine"": true, ""in_zone"": true, ""ignition"": true, ""latitude"": 25.9311683, ""direction"": 265, ""longitude"": -80.1192482, ""gsm_signal"": 22, ""sleep_mode"": false, ""staff_mode"": true, ""fault_codes"": [], ""speed_limit"": 0, ""engine_hours"": 1417, ""idc_triggers"": [], ""buzzer_active"": false, ""fuel_level_avg"": 30, ""lock_geo_alert"": false, ""operation_mode"": ""MASTER"", ""battery_voltage"": 14.449999809265137, ""in_primary_zone"": false, ""lock_engine_alert"": false, ""in_restricted_zone"": false, ""onboard_geofencing"": false, ""speed_limit_active"": false}"
2023-07-19 20:07:17.535,4431,858,"354616090369062",1582,"{""key"": false, ""flip"": false, ""zone"": false, ""speed"": 17.9644, ""buzzer"": 0, ""engine"": true, ""in_zone"": true, ""ignition"": true, ""latitude"": 25.9311783, ""direction"": 267, ""longitude"": -80.1191832, ""gsm_signal"": 23, ""sleep_mode"": false, ""staff_mode"": true, ""fault_codes"": [], ""speed_limit"": 0, ""engine_hours"": 1417, ""idc_triggers"": [], ""buzzer_active"": false, ""fuel_level_avg"": 30, ""lock_geo_alert"": false, ""operation_mode"": ""MASTER"", ""battery_voltage"": 14.449999809265137, ""in_primary_zone"": false, ""lock_engine_alert"": false, ""in_restricted_zone"": false, ""onboard_geofencing"": false, ""speed_limit_active"": false}"
2023-07-19 20:07:16.495,4431,858,"354616090369062",1582,"{""key"": false, ""flip"": false, ""zone"": false, ""speed"": 14.815999999999999, ""buzzer"": 0, ""engine"": true, ""in_zone"": true, ""ignition"": true, ""latitude"": 25.93118, ""direction"": 270, ""longitude"": -80.1191382, ""gsm_signal"": 21, ""sleep_mode"": false, ""staff_mode"": true, ""fault_codes"": [], ""speed_limit"": 0, ""engine_hours"": 1417, ""idc_triggers"": [], ""buzzer_active"": false, ""fuel_level_avg"": 30, ""lock_geo_alert"": false, ""operation_mode"": ""MASTER"", ""battery_voltage"": 14.449999809265137, ""in_primary_zone"": false, ""lock_engine_alert"": false, ""in_restricted_zone"": false, ""onboard_geofencing"": false, ""speed_limit_active"": false}"
2023-07-19 20:07:15.534,4431,858,"354616090369062",1582,"{""key"": false, ""flip"": false, ""zone"": false, ""speed"": 12.2232, ""buzzer"": 0, ""engine"": true, ""in_zone"": true, ""ignition"": true, ""latitude"": 25.9311783, ""direction"": 273, ""longitude"": -80.1191016, ""gsm_signal"": 22, ""sleep_mode"": false, ""staff_mode"": true, ""fault_codes"": [], ""speed_limit"": 0, ""engine_hours"": 1417, ""idc_triggers"": [], ""buzzer_active"": false, ""fuel_level_avg"": 30, ""lock_geo_alert"": false, ""operation_mode"": ""MASTER"", ""battery_voltage"": 14.449999809265137, ""in_primary_zone"": false, ""lock_engine_alert"": false, ""in_restricted_zone"": false, ""onboard_geofencing"": false, ""speed_limit_active"": false}"
2023-07-19 20:07:14.495,4431,858,"354616090369062",1582,"{""key"": false, ""flip"": false, ""zone"": false, ""speed"": 10.3712, ""buzzer"": 0, ""engine"": true, ""in_zone"": true, ""ignition"": true, ""latitude"": 25.9311766, ""direction"": 276, ""longitude"": -80.1190682, ""gsm_signal"": 22, ""sleep_mode"": false, ""staff_mode"": true, ""fault_codes"": [], ""speed_limit"": 0, ""engine_hours"": 1417, ""idc_triggers"": [], ""buzzer_active"": false, ""fuel_level_avg"": 30, ""lock_geo_alert"": false, ""operation_mode"": ""MASTER"", ""battery_voltage"": 14.449999809265137, ""in_primary_zone"": false, ""lock_engine_alert"": false, ""in_restricted_zone"": false, ""onboard_geofencing"": false, ""speed_limit_active"": false}"
2023-07-19 20:07:13.535,4431,858,"354616090369062",1582,"{""key"": false, ""flip"": false, ""zone"": false, ""speed"": 7.7784, ""buzzer"": 0, ""engine"": true, ""in_zone"": true, ""ignition"": true, ""latitude"": 25.9311716, ""direction"": 271, ""longitude"": -80.11904, ""gsm_signal"": 22, ""sleep_mode"": false, ""staff_mode"": true, ""fault_codes"": [], ""speed_limit"": 0, ""engine_hours"": 1417, ""idc_triggers"": [], ""buzzer_active"": false, ""fuel_level_avg"": 30, ""lock_geo_alert"": false, ""operation_mode"": ""MASTER"", ""battery_voltage"": 14.449999809265137, ""in_primary_zone"": false, ""lock_engine_alert"": false, ""in_restricted_zone"": false, ""onboard_geofencing"": false, ""speed_limit_active"": false}"
2023-07-19 20:07:12.580,4431,858,"354616090369062",1582,"{""key"": false, ""flip"": false, ""zone"": false, ""speed"": 7.4079999999999995, ""buzzer"": 0, ""engine"": true, ""in_zone"": true, ""ignition"": true, ""latitude"": 25.9311433, ""direction"": 223, ""longitude"": -80.1189832, ""gsm_signal"": 23, ""sleep_mode"": false, ""staff_mode"": true, ""fault_codes"": [], ""speed_limit"": 0, ""engine_hours"": 1417, ""idc_triggers"": [], ""buzzer_active"": false, ""fuel_level_avg"": 30, ""lock_geo_alert"": false, ""operation_mode"": ""MASTER"", ""battery_voltage"": 14.449999809265137, ""in_primary_zone"": false, ""lock_engine_alert"": false, ""in_restricted_zone"": false, ""onboard_geofencing"": false, ""speed_limit_active"": false}"
2023-07-19 20:07:11.535,4431,858,"354616090369062",1582,"{""key"": false, ""flip"": false, ""zone"": false, ""speed"": 10.5564, ""buzzer"": 0, ""engine"": true, ""in_zone"": true, ""ignition"": true, ""latitude"": 25.931155, ""direction"": 208, ""longitude"": -80.1189666, ""gsm_signal"": 20, ""sleep_mode"": false, ""staff_mode"": true, ""fault_codes"": [], ""speed_limit"": 0, ""engine_hours"": 1417, ""idc_triggers"": [], ""buzzer_active"": false, ""fuel_level_avg"": 30, ""lock_geo_alert"": false, ""operation_mode"": ""MASTER"", ""battery_voltage"": 14.449999809265137, ""in_primary_zone"": false, ""lock_engine_alert"": false, ""in_restricted_zone"": false, ""onboard_geofencing"": false, ""speed_limit_active"": false}"
2023-07-19 20:07:10.496,4431,858,"354616090369062",1582,"{""key"": false, ""flip"": false, ""zone"": false, ""speed"": 10.5564, ""buzzer"": 0, ""engine"": true, ""in_zone"": true, ""ignition"": true, ""latitude"": 25.93118, ""direction"": 186, ""longitude"": -80.11895, ""gsm_signal"": 22, ""sleep_mode"": false, ""staff_mode"": true, ""fault_codes"": [], ""speed_limit"": 0, ""engine_hours"": 1417, ""idc_triggers"": [], ""buzzer_active"": false, ""fuel_level_avg"": 30, ""lock_geo_alert"": false, ""operation_mode"": ""MASTER"", ""battery_voltage"": 14.449999809265137, ""in_primary_zone"": false, ""lock_engine_alert"": false, ""in_restricted_zone"": false, ""onboard_geofencing"": false, ""speed_limit_active"": false}"
2023-07-19 20:07:09.534,4431,858,"354616090369062",1582,"{""key"": false, ""flip"": false, ""zone"": false, ""speed"": 9.4452, ""buzzer"": 0, ""engine"": true, ""in_zone"": true, ""ignition"": true, ""latitude"": 25.9312066, ""direction"": 157, ""longitude"": -80.1189482, ""gsm_signal"": 22, ""sleep_mode"": false, ""staff_mode"": true, ""fault_codes"": [], ""speed_limit"": 0, ""engine_hours"": 1417, ""idc_triggers"": [], ""buzzer_active"": false, ""fuel_level_avg"": 30, ""lock_geo_alert"": false, ""operation_mode"": ""MASTER"", ""battery_voltage"": 14.449999809265137, ""in_primary_zone"": false, ""lock_engine_alert"": false, ""in_restricted_zone"": false, ""onboard_geofencing"": false, ""speed_limit_active"": false}"
2023-07-19 20:07:08.495,4431,858,"354616090369062",1582,"{""key"": false, ""flip"": false, ""zone"": false, ""speed"": 8.519200000000001, ""buzzer"": 0, ""engine"": true, ""in_zone"": true, ""ignition"": true, ""latitude"": 25.931225, ""direction"": 126, ""longitude"": -80.1189616, ""gsm_signal"": 26, ""sleep_mode"": false, ""staff_mode"": true, ""fault_codes"": [], ""speed_limit"": 0, ""engine_hours"": 1417, ""idc_triggers"": [], ""buzzer_active"": false, ""fuel_level_avg"": 30, ""lock_geo_alert"": false, ""operation_mode"": ""MASTER"", ""battery_voltage"": 14.449999809265137, ""in_primary_zone"": false, ""lock_engine_alert"": false, ""in_restricted_zone"": false, ""onboard_geofencing"": false, ""speed_limit_active"": false}"
2023-07-19 20:07:07.535,4431,858,"354616090369062",1582,"{""key"": false, ""flip"": false, ""zone"": false, ""speed"": 8.519200000000001, ""buzzer"": 0, ""engine"": true, ""in_zone"": true, ""ignition"": true, ""latitude"": 25.9312383, ""direction"": 112, ""longitude"": -80.118985, ""gsm_signal"": 24, ""sleep_mode"": false, ""staff_mode"": true, ""fault_codes"": [], ""speed_limit"": 0, ""engine_hours"": 1417, ""idc_triggers"": [], ""buzzer_active"": false, ""fuel_level_avg"": 30, ""lock_geo_alert"": false, ""operation_mode"": ""MASTER"", ""battery_voltage"": 14.449999809265137, ""in_primary_zone"": false, ""lock_engine_alert"": false, ""in_restricted_zone"": false, ""onboard_geofencing"": false, ""speed_limit_active"": false}"
2023-07-19 20:07:06.495,4431,858,"354616090369062",1582,"{""key"": false, ""flip"": false, ""zone"": false, ""speed"": 8.8896, ""buzzer"": 0, ""engine"": true, ""in_zone"": true, ""ignition"": true, ""latitude"": 25.9312466, ""direction"": 107, ""longitude"": -80.11901, ""gsm_signal"": 25, ""sleep_mode"": false, ""staff_mode"": true, ""fault_codes"": [], ""speed_limit"": 0, ""engine_hours"": 1417, ""idc_triggers"": [], ""buzzer_active"": false, ""fuel_level_avg"": 30, ""lock_geo_alert"": false, ""operation_mode"": ""MASTER"", ""battery_voltage"": 14.449999809265137, ""in_primary_zone"": false, ""lock_engine_alert"": false, ""in_restricted_zone"": false, ""onboard_geofencing"": false, ""speed_limit_active"": false}"
2023-07-19 20:07:05.535,4431,858,"354616090369062",1582,"{""key"": false, ""flip"": false, ""zone"": false, ""speed"": 11.8528, ""buzzer"": 0, ""engine"": true, ""in_zone"": true, ""ignition"": true, ""latitude"": 25.9312566, ""direction"": 105, ""longitude"": -80.1190382, ""gsm_signal"": 25, ""sleep_mode"": false, ""staff_mode"": true, ""fault_codes"": [], ""speed_limit"": 0, ""engine_hours"": 1417, ""idc_triggers"": [], ""buzzer_active"": false, ""fuel_level_avg"": 30, ""lock_geo_alert"": false, ""operation_mode"": ""MASTER"", ""battery_voltage"": 14.449999809265137, ""in_primary_zone"": false, ""lock_engine_alert"": false, ""in_restricted_zone"": false, ""onboard_geofencing"": false, ""speed_limit_active"": false}"
2023-07-19 20:07:04.523,4431,858,"354616090369062",1582,"{""key"": false, ""flip"": false, ""zone"": false, ""speed"": 12.5936, ""buzzer"": 0, ""engine"": true, ""in_zone"": true, ""ignition"": true, ""latitude"": 25.931265, ""direction"": 103, ""longitude"": -80.1190732, ""gsm_signal"": 23, ""sleep_mode"": false, ""staff_mode"": true, ""fault_codes"": [], ""speed_limit"": 0, ""engine_hours"": 1417, ""idc_triggers"": [], ""buzzer_active"": false, ""fuel_level_avg"": 30, ""lock_geo_alert"": false, ""operation_mode"": ""MASTER"", ""battery_voltage"": 14.449999809265137, ""in_primary_zone"": false, ""lock_engine_alert"": false, ""in_restricted_zone"": false, ""onboard_geofencing"": false, ""speed_limit_active"": false}"
2023-07-19 20:07:03.535,4431,858,"354616090369062",1582,"{""key"": false, ""flip"": false, ""zone"": false, ""speed"": 12.5936, ""buzzer"": 0, ""engine"": true, ""in_zone"": true, ""ignition"": true, ""latitude"": 25.9312666, ""direction"": 90, ""longitude"": -80.11911, ""gsm_signal"": 25, ""sleep_mode"": false, ""staff_mode"": true, ""fault_codes"": [], ""speed_limit"": 0, ""engine_hours"": 1417, ""idc_triggers"": [], ""buzzer_active"": false, ""fuel_level_avg"": 30, ""lock_geo_alert"": false, ""operation_mode"": ""MASTER"", ""battery_voltage"": 14.449999809265137, ""in_primary_zone"": false, ""lock_engine_alert"": false, ""in_restricted_zone"": false, ""onboard_geofencing"": false, ""speed_limit_active"": false}"
2023-07-19 20:07:02.497,4431,858,"354616090369062",1582,"{""key"": false, ""flip"": false, ""zone"": false, ""speed"": 9.8156, ""buzzer"": 0, ""engine"": true, ""in_zone"": true, ""ignition"": true, ""latitude"": 25.9312616, ""direction"": 71, ""longitude"": -80.1191482, ""gsm_signal"": 23, ""sleep_mode"": false, ""staff_mode"": true, ""fault_codes"": [], ""speed_limit"": 0, ""engine_hours"": 1417, ""idc_triggers"": [], ""buzzer_active"": false, ""fuel_level_avg"": 30, ""lock_geo_alert"": false, ""operation_mode"": ""MASTER"", ""battery_voltage"": 14.449999809265137, ""in_primary_zone"": false, ""lock_engine_alert"": false, ""in_restricted_zone"": false, ""onboard_geofencing"": false, ""speed_limit_active"": false}"
2023-07-19 20:07:01.536,4431,858,"354616090369062",1582,"{""key"": false, ""flip"": false, ""zone"": false, ""speed"": 9.8156, ""buzzer"": 0, ""engine"": true, ""in_zone"": true, ""ignition"": true, ""latitude"": 25.9312516, ""direction"": 46, ""longitude"": -80.1191766, ""gsm_signal"": 24, ""sleep_mode"": false, ""staff_mode"": true, ""fault_codes"": [], ""speed_limit"": 0, ""engine_hours"": 1417, ""idc_triggers"": [], ""buzzer_active"": false, ""fuel_level_avg"": 30, ""lock_geo_alert"": false, ""operation_mode"": ""MASTER"", ""battery_voltage"": 14.449999809265137, ""in_primary_zone"": false, ""lock_engine_alert"": false, ""in_restricted_zone"": false, ""onboard_geofencing"": false, ""speed_limit_active"": false}"
2023-07-19 20:07:00.496,4431,858,"354616090369062",1582,"{""key"": false, ""flip"": false, ""zone"": false, ""speed"": 9.8156, ""buzzer"": 0, ""engine"": true, ""in_zone"": true, ""ignition"": true, ""latitude"": 25.9312333, ""direction"": 12, ""longitude"": -80.1191982, ""gsm_signal"": 26, ""sleep_mode"": false, ""staff_mode"": true, ""fault_codes"": [], ""speed_limit"": 0, ""engine_hours"": 1417, ""idc_triggers"": [], ""buzzer_active"": false, ""fuel_level_avg"": 30, ""lock_geo_alert"": false, ""operation_mode"": ""MASTER"", ""battery_voltage"": 14.449999809265137, ""in_primary_zone"": false, ""lock_engine_alert"": false, ""in_restricted_zone"": false, ""onboard_geofencing"": false, ""speed_limit_active"": false}"
2023-07-19 20:06:59.537,4431,858,"354616090369062",1582,"{""key"": false, ""flip"": false, ""zone"": false, ""speed"": 10.5564, ""buzzer"": 0, ""engine"": true, ""in_zone"": true, ""ignition"": true, ""latitude"": 25.9312083, ""direction"": 336, ""longitude"": -80.1192082, ""gsm_signal"": 25, ""sleep_mode"": false, ""staff_mode"": true, ""fault_codes"": [], ""speed_limit"": 0, ""engine_hours"": 1417, ""idc_triggers"": [], ""buzzer_active"": false, ""fuel_level_avg"": 30, ""lock_geo_alert"": false, ""operation_mode"": ""MASTER"", ""battery_voltage"": 14.449999809265137, ""in_primary_zone"": false, ""lock_engine_alert"": false, ""in_restricted_zone"": false, ""onboard_geofencing"": false, ""speed_limit_active"": false}"
2023-07-19 20:06:58.496,4431,858,"354616090369062",1582,"{""key"": false, ""flip"": false, ""zone"": false, ""speed"": 16.2976, ""buzzer"": 0, ""engine"": true, ""in_zone"": true, ""ignition"": true, ""latitude"": 25.9311816, ""direction"": 281, ""longitude"": -80.1192016, ""gsm_signal"": 25, ""sleep_mode"": false, ""staff_mode"": true, ""fault_codes"": [], ""speed_limit"": 0, ""engine_hours"": 1417, ""idc_triggers"": [], ""buzzer_active"": false, ""fuel_level_avg"": 30, ""lock_geo_alert"": false, ""operation_mode"": ""MASTER"", ""battery_voltage"": 14.449999809265137, ""in_primary_zone"": false, ""lock_engine_alert"": false, ""in_restricted_zone"": false, ""onboard_geofencing"": false, ""speed_limit_active"": false}"
2023-07-19 20:06:57.536,4431,858,"354616090369062",1582,"{""key"": false, ""flip"": false, ""zone"": false, ""speed"": 16.1124, ""buzzer"": 0, ""engine"": true, ""in_zone"": true, ""ignition"": true, ""latitude"": 25.931175, ""direction"": 270, ""longitude"": -80.1191566, ""gsm_signal"": 23, ""sleep_mode"": false, ""staff_mode"": true, ""fault_codes"": [], ""speed_limit"": 0, ""engine_hours"": 1417, ""idc_triggers"": [], ""buzzer_active"": false, ""fuel_level_avg"": 30, ""lock_geo_alert"": false, ""operation_mode"": ""MASTER"", ""battery_voltage"": 14.449999809265137, ""in_primary_zone"": false, ""lock_engine_alert"": false, ""in_restricted_zone"": false, ""onboard_geofencing"": false, ""speed_limit_active"": false}"
2023-07-19 20:06:56.580,4431,858,"354616090369062",1582,"{""key"": false, ""flip"": false, ""zone"": false, ""speed"": 17.2236, ""buzzer"": 0, ""engine"": true, ""in_zone"": true, ""ignition"": true, ""latitude"": 25.931175, ""direction"": 266, ""longitude"": -80.11911, ""gsm_signal"": 21, ""sleep_mode"": false, ""staff_mode"": true, ""fault_codes"": [], ""speed_limit"": 0, ""engine_hours"": 1417, ""idc_triggers"": [], ""buzzer_active"": false, ""fuel_level_avg"": 30, ""lock_geo_alert"": false, ""operation_mode"": ""MASTER"", ""battery_voltage"": 14.449999809265137, ""in_primary_zone"": false, ""lock_engine_alert"": false, ""in_restricted_zone"": false, ""onboard_geofencing"": false, ""speed_limit_active"": false}"
2023-07-19 20:06:55.536,4431,858,"354616090369062",1582,"{""key"": false, ""flip"": false, ""zone"": false, ""speed"": 17.594, ""buzzer"": 0, ""engine"": true, ""in_zone"": true, ""ignition"": true, ""latitude"": 25.9311766, ""direction"": 268, ""longitude"": -80.11906, ""gsm_signal"": 22, ""sleep_mode"": false, ""staff_mode"": true, ""fault_codes"": [], ""speed_limit"": 0, ""engine_hours"": 1417, ""idc_triggers"": [], ""buzzer_active"": false, ""fuel_level_avg"": 30, ""lock_geo_alert"": false, ""operation_mode"": ""MASTER"", ""battery_voltage"": 14.449999809265137, ""in_primary_zone"": false, ""lock_engine_alert"": false, ""in_restricted_zone"": false, ""onboard_geofencing"": false, ""speed_limit_active"": false}"
2023-07-19 20:06:54.496,4431,858,"354616090369062",1582,"{""key"": false, ""flip"": false, ""zone"": false, ""speed"": 16.4828, ""buzzer"": 0, ""engine"": true, ""in_zone"": true, ""ignition"": true, ""latitude"": 25.9311783, ""direction"": 268, ""longitude"": -80.1190132, ""gsm_signal"": 18, ""sleep_mode"": false, ""staff_mode"": true, ""fault_codes"": [], ""speed_limit"": 0, ""engine_hours"": 1417, ""idc_triggers"": [], ""buzzer_active"": false, ""fuel_level_avg"": 30, ""lock_geo_alert"": false, ""operation_mode"": ""MASTER"", ""battery_voltage"": 14.449999809265137, ""in_primary_zone"": false, ""lock_engine_alert"": false, ""in_restricted_zone"": false, ""onboard_geofencing"": false, ""speed_limit_active"": false}"
2023-07-19 20:06:53.536,4431,858,"354616090369062",1582,"{""key"": false, ""flip"": false, ""zone"": false, ""speed"": 15.5568, ""buzzer"": 0, ""engine"": true, ""in_zone"": true, ""ignition"": true, ""latitude"": 25.93118, ""direction"": 265, ""longitude"": -80.1189666, ""gsm_signal"": 19, ""sleep_mode"": false, ""staff_mode"": true, ""fault_codes"": [], ""speed_limit"": 0, ""engine_hours"": 1417, ""idc_triggers"": [], ""buzzer_active"": false, ""fuel_level_avg"": 30, ""lock_geo_alert"": false, ""operation_mode"": ""MASTER"", ""battery_voltage"": 14.449999809265137, ""in_primary_zone"": false, ""lock_engine_alert"": false, ""in_restricted_zone"": false, ""onboard_geofencing"": false, ""speed_limit_active"": false}"
2023-07-19 20:06:52.573,4431,858,"354616090369062",1582,"{""key"": false, ""flip"": false, ""zone"": false, ""speed"": 16.4828, ""buzzer"": 0, ""engine"": true, ""in_zone"": true, ""ignition"": true, ""latitude"": 25.9311816, ""direction"": 266, ""longitude"": -80.1189182, ""gsm_signal"": 19, ""sleep_mode"": false, ""staff_mode"": true, ""fault_codes"": [], ""speed_limit"": 0, ""engine_hours"": 1417, ""idc_triggers"": [], ""buzzer_active"": false, ""fuel_level_avg"": 30, ""lock_geo_alert"": false, ""operation_mode"": ""MASTER"", ""battery_voltage"": 14.449999809265137, ""in_primary_zone"": false, ""lock_engine_alert"": false, ""in_restricted_zone"": false, ""onboard_geofencing"": false, ""speed_limit_active"": false}"
2023-07-19 20:06:51.533,4431,858,"354616090369062",1582,"{""key"": false, ""flip"": false, ""zone"": false, ""speed"": 18.7052, ""buzzer"": 0, ""engine"": true, ""in_zone"": true, ""ignition"": true, ""latitude"": 25.9311833, ""direction"": 267, ""longitude"": -80.1188732, ""gsm_signal"": 17, ""sleep_mode"": false, ""staff_mode"": true, ""fault_codes"": [], ""speed_limit"": 0, ""engine_hours"": 1417, ""idc_triggers"": [], ""buzzer_active"": false, ""fuel_level_avg"": 30, ""lock_geo_alert"": false, ""operation_mode"": ""MASTER"", ""battery_voltage"": 14.449999809265137, ""in_primary_zone"": false, ""lock_engine_alert"": false, ""in_restricted_zone"": false, ""onboard_geofencing"": false, ""speed_limit_active"": false}"
2023-07-19 20:06:50.572,4431,858,"354616090369062",1582,"{""key"": false, ""flip"": false, ""zone"": false, ""speed"": 20.7424, ""buzzer"": 0, ""engine"": true, ""in_zone"": true, ""ignition"": true, ""latitude"": 25.9311833, ""direction"": 272, ""longitude"": -80.1188166, ""gsm_signal"": 19, ""sleep_mode"": false, ""staff_mode"": true, ""fault_codes"": [], ""speed_limit"": 0, ""engine_hours"": 1417, ""idc_triggers"": [], ""buzzer_active"": false, ""fuel_level_avg"": 30, ""lock_geo_alert"": false, ""operation_mode"": ""MASTER"", ""battery_voltage"": 14.449999809265137, ""in_primary_zone"": false, ""lock_engine_alert"": false, ""in_restricted_zone"": false, ""onboard_geofencing"": false, ""speed_limit_active"": false}"
2023-07-19 20:06:48.654,4431,858,"354616090369062",1582,"{""key"": false, ""flip"": false, ""zone"": false, ""speed"": 22.5944, ""buzzer"": 0, ""engine"": true, ""in_zone"": true, ""ignition"": true, ""latitude"": 25.9311766, ""direction"": 275, ""longitude"": -80.11869, ""gsm_signal"": 25, ""sleep_mode"": false, ""staff_mode"": true, ""fault_codes"": [], ""speed_limit"": 0, ""engine_hours"": 1417, ""idc_triggers"": [], ""buzzer_active"": false, ""fuel_level_avg"": 30, ""lock_geo_alert"": false, ""operation_mode"": ""MASTER"", ""battery_voltage"": 14.449999809265137, ""in_primary_zone"": false, ""lock_engine_alert"": false, ""in_restricted_zone"": false, ""onboard_geofencing"": false, ""speed_limit_active"": false}"
2023-07-19 20:06:47.536,4431,858,"354616090369062",1582,"{""key"": false, ""flip"": false, ""zone"": false, ""speed"": 21.483200000000004, ""buzzer"": 0, ""engine"": true, ""in_zone"": true, ""ignition"": true, ""latitude"": 25.93117, ""direction"": 276, ""longitude"": -80.1186282, ""gsm_signal"": 27, ""sleep_mode"": false, ""staff_mode"": true, ""fault_codes"": [], ""speed_limit"": 0, ""engine_hours"": 1417, ""idc_triggers"": [], ""buzzer_active"": false, ""fuel_level_avg"": 30, ""lock_geo_alert"": false, ""operation_mode"": ""MASTER"", ""battery_voltage"": 14.449999809265137, ""in_primary_zone"": false, ""lock_engine_alert"": false, ""in_restricted_zone"": false, ""onboard_geofencing"": false, ""speed_limit_active"": false}"
2023-07-19 20:06:46.654,4431,858,"354616090369062",1582,"{""key"": false, ""flip"": false, ""zone"": false, ""speed"": 20.001600000000003, ""buzzer"": 0, ""engine"": true, ""in_zone"": true, ""ignition"": true, ""latitude"": 25.9311616, ""direction"": 280, ""longitude"": -80.11857, ""gsm_signal"": 26, ""sleep_mode"": false, ""staff_mode"": true, ""fault_codes"": [], ""speed_limit"": 0, ""engine_hours"": 1417, ""idc_triggers"": [], ""buzzer_active"": false, ""fuel_level_avg"": 30, ""lock_geo_alert"": false, ""operation_mode"": ""MASTER"", ""battery_voltage"": 14.449999809265137, ""in_primary_zone"": false, ""lock_engine_alert"": false, ""in_restricted_zone"": false, ""onboard_geofencing"": false, ""speed_limit_active"": false}"
2023-07-19 20:06:46.416,4431,858,"354616090369062",1582,"{""key"": false, ""flip"": false, ""zone"": false, ""speed"": 17.9644, ""buzzer"": 0, ""engine"": true, ""in_zone"": true, ""ignition"": true, ""latitude"": 25.931185, ""direction"": 247, ""longitude"": -80.118295, ""gsm_signal"": 21, ""sleep_mode"": false, ""staff_mode"": true, ""fault_codes"": [], ""speed_limit"": 0, ""engine_hours"": 1417, ""idc_triggers"": [], ""buzzer_active"": false, ""fuel_level_avg"": 30, ""lock_geo_alert"": false, ""operation_mode"": ""MASTER"", ""battery_voltage"": 14.449999809265137, ""in_primary_zone"": false, ""lock_engine_alert"": false, ""in_restricted_zone"": false, ""onboard_geofencing"": false, ""speed_limit_active"": false}"
2023-07-19 20:06:45.994,4431,858,"354616090369062",1582,"{""key"": false, ""flip"": false, ""zone"": false, ""speed"": 16.1124, ""buzzer"": 0, ""engine"": true, ""in_zone"": true, ""ignition"": true, ""latitude"": 25.931205, ""direction"": 238, ""longitude"": -80.1182482, ""gsm_signal"": 21, ""sleep_mode"": false, ""staff_mode"": true, ""fault_codes"": [], ""speed_limit"": 0, ""engine_hours"": 1417, ""idc_triggers"": [], ""buzzer_active"": false, ""fuel_level_avg"": 30, ""lock_geo_alert"": false, ""operation_mode"": ""MASTER"", ""battery_voltage"": 14.449999809265137, ""in_primary_zone"": false, ""lock_engine_alert"": false, ""in_restricted_zone"": false, ""onboard_geofencing"": false, ""speed_limit_active"": false}"
2023-07-19 20:06:38.505,4431,858,"354616090369062",1582,"{""key"": false, ""flip"": false, ""zone"": false, ""speed"": 12.964000000000002, ""buzzer"": 0, ""engine"": true, ""in_zone"": true, ""ignition"": true, ""latitude"": 25.931255, ""direction"": 208, ""longitude"": -80.1181766, ""gsm_signal"": 26, ""sleep_mode"": false, ""staff_mode"": true, ""fault_codes"": [], ""speed_limit"": 0, ""engine_hours"": 1417, ""idc_triggers"": [], ""buzzer_active"": false, ""fuel_level_avg"": 30, ""lock_geo_alert"": false, ""operation_mode"": ""MASTER"", ""battery_voltage"": 14.199999809265137, ""in_primary_zone"": false, ""lock_engine_alert"": false, ""in_restricted_zone"": false, ""onboard_geofencing"": false, ""speed_limit_active"": false}"
2023-07-19 20:06:37.536,4431,858,"354616090369062",1582,"{""key"": false, ""flip"": false, ""zone"": false, ""speed"": 10.5564, ""buzzer"": 0, ""engine"": true, ""in_zone"": true, ""ignition"": true, ""latitude"": 25.931285, ""direction"": 182, ""longitude"": -80.11816, ""gsm_signal"": 25, ""sleep_mode"": false, ""staff_mode"": true, ""fault_codes"": [], ""speed_limit"": 0, ""engine_hours"": 1417, ""idc_triggers"": [], ""buzzer_active"": false, ""fuel_level_avg"": 30, ""lock_geo_alert"": false, ""operation_mode"": ""MASTER"", ""battery_voltage"": 14.199999809265137, ""in_primary_zone"": false, ""lock_engine_alert"": false, ""in_restricted_zone"": false, ""onboard_geofencing"": false, ""speed_limit_active"": false}"
2023-07-19 20:06:36.736,4431,858,"354616090369062",1582,"{""key"": false, ""flip"": false, ""zone"": false, ""speed"": 7.7784, ""buzzer"": 0, ""engine"": true, ""in_zone"": true, ""ignition"": true, ""latitude"": 25.93131, ""direction"": 147, ""longitude"": -80.1181582, ""gsm_signal"": 17, ""sleep_mode"": false, ""staff_mode"": true, ""fault_codes"": [], ""speed_limit"": 0, ""engine_hours"": 1417, ""idc_triggers"": [], ""buzzer_active"": false, ""fuel_level_avg"": 30, ""lock_geo_alert"": false, ""operation_mode"": ""MASTER"", ""battery_voltage"": 14.199999809265137, ""in_primary_zone"": false, ""lock_engine_alert"": false, ""in_restricted_zone"": false, ""onboard_geofencing"": false, ""speed_limit_active"": false}"
2023-07-19 20:06:35.533,4431,858,"354616090369062",1582,"{""key"": false, ""flip"": false, ""zone"": false, ""speed"": 5.9264, ""buzzer"": 0, ""engine"": true, ""in_zone"": true, ""ignition"": true, ""latitude"": 25.931325, ""direction"": 104, ""longitude"": -80.11817, ""gsm_signal"": 31, ""sleep_mode"": false, ""staff_mode"": true, ""fault_codes"": [], ""speed_limit"": 0, ""engine_hours"": 1417, ""idc_triggers"": [], ""buzzer_active"": false, ""fuel_level_avg"": 30, ""lock_geo_alert"": false, ""operation_mode"": ""MASTER"", ""battery_voltage"": 14.199999809265137, ""in_primary_zone"": false, ""lock_engine_alert"": false, ""in_restricted_zone"": false, ""onboard_geofencing"": false, ""speed_limit_active"": false}"
2023-07-19 20:06:34.573,4431,858,"354616090369062",1582,"{""key"": false, ""flip"": false, ""zone"": false, ""speed"": 5.9264, ""buzzer"": 0, ""engine"": true, ""in_zone"": true, ""ignition"": true, ""latitude"": 25.93133, ""direction"": 102, ""longitude"": -80.118185, ""gsm_signal"": 27, ""sleep_mode"": false, ""staff_mode"": true, ""fault_codes"": [], ""speed_limit"": 0, ""engine_hours"": 1417, ""idc_triggers"": [], ""buzzer_active"": false, ""fuel_level_avg"": 30, ""lock_geo_alert"": false, ""operation_mode"": ""MASTER"", ""battery_voltage"": 14.199999809265137, ""in_primary_zone"": false, ""lock_engine_alert"": false, ""in_restricted_zone"": false, ""onboard_geofencing"": false, ""speed_limit_active"": false}"
2023-07-19 20:06:33.534,4431,858,"354616090369062",1582,"{""key"": false, ""flip"": false, ""zone"": false, ""speed"": 6.8524, ""buzzer"": 0, ""engine"": true, ""in_zone"": true, ""ignition"": true, ""latitude"": 25.9313316, ""direction"": 96, ""longitude"": -80.1182016, ""gsm_signal"": 29, ""sleep_mode"": false, ""staff_mode"": true, ""fault_codes"": [], ""speed_limit"": 0, ""engine_hours"": 1417, ""idc_triggers"": [], ""buzzer_active"": false, ""lock_geo_alert"": false, ""operation_mode"": ""MASTER"", ""battery_voltage"": 12.300000190734863, ""in_primary_zone"": false, ""lock_engine_alert"": false, ""in_restricted_zone"": false, ""onboard_geofencing"": false, ""speed_limit_active"": false}"
2023-07-19 20:06:32.573,4431,858,"354616090369062",1582,"{""key"": false, ""flip"": false, ""zone"": false, ""speed"": 8.1488, ""buzzer"": 0, ""engine"": true, ""in_zone"": true, ""ignition"": true, ""latitude"": 25.9313366, ""direction"": 88, ""longitude"": -80.11822, ""gsm_signal"": 25, ""sleep_mode"": false, ""staff_mode"": true, ""fault_codes"": [], ""speed_limit"": 0, ""engine_hours"": 1417, ""idc_triggers"": [], ""buzzer_active"": false, ""lock_geo_alert"": false, ""operation_mode"": ""MASTER"", ""battery_voltage"": 12.300000190734863, ""in_primary_zone"": false, ""lock_engine_alert"": false, ""in_restricted_zone"": false, ""onboard_geofencing"": false, ""speed_limit_active"": false}"
2023-07-19 20:06:31.533,4431,858,"354616090369062",1582,"{""key"": false, ""flip"": false, ""zone"": false, ""speed"": 12.7788, ""buzzer"": 0, ""engine"": true, ""in_zone"": true, ""ignition"": true, ""latitude"": 25.9313316, ""direction"": 77, ""longitude"": -80.1182466, ""gsm_signal"": 29, ""sleep_mode"": false, ""staff_mode"": true, ""fault_codes"": [], ""speed_limit"": 0, ""engine_hours"": 1417, ""idc_triggers"": [], ""buzzer_active"": false, ""lock_geo_alert"": false, ""operation_mode"": ""MASTER"", ""battery_voltage"": 12.300000190734863, ""in_primary_zone"": false, ""lock_engine_alert"": false, ""in_restricted_zone"": false, ""onboard_geofencing"": false, ""speed_limit_active"": false}"
2023-07-19 20:06:30.573,4431,858,"354616090369062",1582,"{""key"": false, ""flip"": false, ""zone"": false, ""speed"": 17.594, ""buzzer"": 0, ""engine"": true, ""in_zone"": true, ""ignition"": true, ""latitude"": 25.931325, ""direction"": 79, ""longitude"": -80.1182866, ""gsm_signal"": 31, ""sleep_mode"": false, ""staff_mode"": true, ""fault_codes"": [], ""speed_limit"": 0, ""engine_hours"": 1417, ""idc_triggers"": [], ""buzzer_active"": false, ""lock_geo_alert"": false, ""operation_mode"": ""MASTER"", ""battery_voltage"": 12.300000190734863, ""in_primary_zone"": false, ""lock_engine_alert"": false, ""in_restricted_zone"": false, ""onboard_geofencing"": false, ""speed_limit_active"": false}"
2023-07-19 20:06:29.533,4431,858,"354616090369062",1582,"{""key"": false, ""flip"": false, ""zone"": false, ""speed"": 18.8904, ""buzzer"": 0, ""engine"": true, ""in_zone"": true, ""ignition"": true, ""latitude"": 25.931315, ""direction"": 77, ""longitude"": -80.1183366, ""gsm_signal"": 31, ""sleep_mode"": false, ""staff_mode"": true, ""fault_codes"": [], ""speed_limit"": 0, ""engine_hours"": 1417, ""idc_triggers"": [], ""buzzer_active"": false, ""lock_geo_alert"": false, ""operation_mode"": ""MASTER"", ""battery_voltage"": 12.300000190734863, ""in_primary_zone"": false, ""lock_engine_alert"": false, ""in_restricted_zone"": false, ""onboard_geofencing"": false, ""speed_limit_active"": false}"
2023-07-19 20:06:28.495,4431,858,"354616090369062",1582,"{""key"": false, ""flip"": false, ""zone"": false, ""speed"": 13.149200000000002, ""buzzer"": 0, ""engine"": true, ""in_zone"": true, ""ignition"": true, ""latitude"": 25.9313083, ""direction"": 84, ""longitude"": -80.1183816, ""gsm_signal"": 27, ""sleep_mode"": false, ""staff_mode"": true, ""fault_codes"": [], ""speed_limit"": 0, ""engine_hours"": 1417, ""idc_triggers"": [], ""buzzer_active"": false, ""lock_geo_alert"": false, ""operation_mode"": ""MASTER"", ""battery_voltage"": 12.300000190734863, ""in_primary_zone"": false, ""lock_engine_alert"": false, ""in_restricted_zone"": false, ""onboard_geofencing"": false, ""speed_limit_active"": false}"
2023-07-19 20:06:27.533,4431,858,"354616090369062",1582,"{""key"": false, ""flip"": false, ""zone"": false, ""speed"": 10.741600000000002, ""buzzer"": 0, ""engine"": true, ""in_zone"": true, ""ignition"": true, ""latitude"": 25.9313066, ""direction"": 81, ""longitude"": -80.118415, ""gsm_signal"": 28, ""sleep_mode"": false, ""staff_mode"": true, ""fault_codes"": [], ""speed_limit"": 0, ""engine_hours"": 1417, ""idc_triggers"": [], ""buzzer_active"": false, ""lock_geo_alert"": false, ""operation_mode"": ""MASTER"", ""battery_voltage"": 12.300000190734863, ""in_primary_zone"": false, ""lock_engine_alert"": false, ""in_restricted_zone"": false, ""onboard_geofencing"": false, ""speed_limit_active"": false}"
2023-07-19 20:06:26.510,4431,858,"354616090369062",1582,"{""key"": false, ""flip"": false, ""zone"": false, ""speed"": 9.0748, ""buzzer"": 0, ""engine"": true, ""in_zone"": true, ""ignition"": true, ""latitude"": 25.9313066, ""direction"": 84, ""longitude"": -80.1184432, ""gsm_signal"": 28, ""sleep_mode"": false, ""staff_mode"": true, ""fault_codes"": [], ""speed_limit"": 0, ""engine_hours"": 1417, ""idc_triggers"": [], ""buzzer_active"": false, ""lock_geo_alert"": false, ""operation_mode"": ""MASTER"", ""battery_voltage"": 12.300000190734863, ""in_primary_zone"": false, ""lock_engine_alert"": false, ""in_restricted_zone"": false, ""onboard_geofencing"": false, ""speed_limit_active"": false}"
2023-07-19 20:06:25.536,4431,858,"354616090369062",1582,"{""key"": false, ""flip"": false, ""zone"": false, ""speed"": 9.8156, ""buzzer"": 0, ""engine"": true, ""in_zone"": true, ""ignition"": true, ""latitude"": 25.9313083, ""direction"": 104, ""longitude"": -80.1184682, ""gsm_signal"": 25, ""sleep_mode"": false, ""staff_mode"": true, ""fault_codes"": [], ""speed_limit"": 0, ""engine_hours"": 1417, ""idc_triggers"": [], ""buzzer_active"": false, ""lock_geo_alert"": false, ""operation_mode"": ""MASTER"", ""battery_voltage"": 12.300000190734863, ""in_primary_zone"": false, ""lock_engine_alert"": false, ""in_restricted_zone"": false, ""onboard_geofencing"": false, ""speed_limit_active"": false}"
2023-07-19 20:06:24.495,4431,858,"354616090369062",1582,"{""key"": false, ""flip"": false, ""zone"": false, ""speed"": 6.8524, ""buzzer"": 0, ""engine"": true, ""in_zone"": true, ""ignition"": true, ""latitude"": 25.9313133, ""direction"": 98, ""longitude"": -80.1184932, ""gsm_signal"": 27, ""sleep_mode"": false, ""staff_mode"": true, ""fault_codes"": [], ""speed_limit"": 0, ""engine_hours"": 1417, ""idc_triggers"": [], ""buzzer_active"": false, ""lock_geo_alert"": false, ""operation_mode"": ""MASTER"", ""battery_voltage"": 12.300000190734863, ""in_primary_zone"": false, ""lock_engine_alert"": false, ""in_restricted_zone"": false, ""onboard_geofencing"": false, ""speed_limit_active"": false}"
2023-07-19 20:06:23.535,4431,858,"354616090369062",1582,"{""key"": false, ""flip"": false, ""zone"": false, ""speed"": 4.630000000000001, ""buzzer"": 0, ""engine"": true, ""in_zone"": true, ""ignition"": true, ""latitude"": 25.9313166, ""direction"": 68, ""longitude"": -80.11851, ""gsm_signal"": 22, ""sleep_mode"": false, ""staff_mode"": true, ""fault_codes"": [], ""speed_limit"": 0, ""engine_hours"": 1417, ""idc_triggers"": [], ""buzzer_active"": false, ""lock_geo_alert"": false, ""operation_mode"": ""MASTER"", ""battery_voltage"": 12.300000190734863, ""in_primary_zone"": false, ""lock_engine_alert"": false, ""in_restricted_zone"": false, ""onboard_geofencing"": false, ""speed_limit_active"": false}"
2023-07-19 20:06:22.575,4431,858,"354616090369062",1582,"{""key"": false, ""flip"": false, ""zone"": false, ""speed"": 3.3335999999999997, ""buzzer"": 0, ""engine"": true, ""in_zone"": true, ""ignition"": true, ""latitude"": 25.93132, ""direction"": 68, ""longitude"": -80.1185216, ""gsm_signal"": 24, ""sleep_mode"": false, ""staff_mode"": true, ""fault_codes"": [], ""speed_limit"": 0, ""engine_hours"": 1417, ""idc_triggers"": [], ""buzzer_active"": false, ""lock_geo_alert"": false, ""operation_mode"": ""MASTER"", ""battery_voltage"": 12.300000190734863, ""in_primary_zone"": false, ""lock_engine_alert"": false, ""in_restricted_zone"": false, ""onboard_geofencing"": false, ""speed_limit_active"": false}"
2023-07-19 20:06:21.535,4431,858,"354616090369062",1582,"{""key"": false, ""flip"": false, ""zone"": false, ""speed"": 3.7039999999999997, ""buzzer"": 0, ""engine"": true, ""in_zone"": true, ""ignition"": true, ""latitude"": 25.9313233, ""direction"": 68, ""longitude"": -80.1185316, ""gsm_signal"": 24, ""sleep_mode"": false, ""staff_mode"": true, ""fault_codes"": [], ""speed_limit"": 0, ""engine_hours"": 1417, ""idc_triggers"": [], ""buzzer_active"": false, ""lock_geo_alert"": false, ""operation_mode"": ""MASTER"", ""battery_voltage"": 12.300000190734863, ""in_primary_zone"": false, ""lock_engine_alert"": false, ""in_restricted_zone"": false, ""onboard_geofencing"": false, ""speed_limit_active"": false}"
2023-07-19 20:06:20.576,4431,858,"354616090369062",1582,"{""key"": false, ""flip"": false, ""zone"": false, ""speed"": 4.630000000000001, ""buzzer"": 0, ""engine"": true, ""in_zone"": true, ""ignition"": true, ""latitude"": 25.9313233, ""direction"": 68, ""longitude"": -80.1185432, ""gsm_signal"": 24, ""sleep_mode"": false, ""staff_mode"": true, ""fault_codes"": [], ""speed_limit"": 0, ""engine_hours"": 1417, ""idc_triggers"": [], ""buzzer_active"": false, ""lock_geo_alert"": false, ""operation_mode"": ""MASTER"", ""battery_voltage"": 12.300000190734863, ""in_primary_zone"": false, ""lock_engine_alert"": false, ""in_restricted_zone"": false, ""onboard_geofencing"": false, ""speed_limit_active"": false}"
2023-07-19 20:06:19.536,4431,858,"354616090369062",1582,"{""key"": false, ""flip"": false, ""zone"": false, ""speed"": 5.556, ""buzzer"": 0, ""engine"": true, ""in_zone"": true, ""ignition"": true, ""latitude"": 25.9313233, ""direction"": 68, ""longitude"": -80.118555, ""gsm_signal"": 23, ""sleep_mode"": false, ""staff_mode"": true, ""fault_codes"": [], ""speed_limit"": 0, ""engine_hours"": 1417, ""idc_triggers"": [], ""buzzer_active"": false, ""lock_geo_alert"": false, ""operation_mode"": ""MASTER"", ""battery_voltage"": 12.300000190734863, ""in_primary_zone"": false, ""lock_engine_alert"": false, ""in_restricted_zone"": false, ""onboard_geofencing"": false, ""speed_limit_active"": false}"
2023-07-19 20:06:18.495,4431,858,"354616090369062",1582,"{""key"": false, ""flip"": false, ""zone"": false, ""speed"": 5.556, ""buzzer"": 0, ""engine"": true, ""in_zone"": true, ""ignition"": true, ""latitude"": 25.9313183, ""direction"": 66, ""longitude"": -80.11857, ""gsm_signal"": 24, ""sleep_mode"": false, ""staff_mode"": true, ""fault_codes"": [], ""speed_limit"": 0, ""engine_hours"": 1417, ""idc_triggers"": [], ""buzzer_active"": false, ""lock_geo_alert"": false, ""operation_mode"": ""MASTER"", ""battery_voltage"": 12.300000190734863, ""in_primary_zone"": false, ""lock_engine_alert"": false, ""in_restricted_zone"": false, ""onboard_geofencing"": false, ""speed_limit_active"": false}"
2023-07-19 20:06:17.538,4431,858,"354616090369062",1582,"{""key"": false, ""flip"": false, ""zone"": false, ""speed"": 5.370800000000001, ""buzzer"": 0, ""engine"": true, ""in_zone"": true, ""ignition"": true, ""latitude"": 25.9313133, ""direction"": 62, ""longitude"": -80.1185832, ""gsm_signal"": 24, ""sleep_mode"": false, ""staff_mode"": true, ""fault_codes"": [], ""speed_limit"": 0, ""engine_hours"": 1417, ""idc_triggers"": [], ""buzzer_active"": false, ""lock_geo_alert"": false, ""operation_mode"": ""MASTER"", ""battery_voltage"": 12.300000190734863, ""in_primary_zone"": false, ""lock_engine_alert"": false, ""in_restricted_zone"": false, ""onboard_geofencing"": false, ""speed_limit_active"": false}"
2023-07-19 20:06:16.497,4431,858,"354616090369062",1582,"{""key"": false, ""flip"": false, ""zone"": false, ""speed"": 7.7784, ""buzzer"": 0, ""engine"": true, ""in_zone"": true, ""ignition"": true, ""latitude"": 25.931305000000002, ""direction"": 60, ""longitude"": -80.1186, ""gsm_signal"": 24, ""sleep_mode"": false, ""staff_mode"": true, ""fault_codes"": [], ""speed_limit"": 0, ""engine_hours"": 1417, ""idc_triggers"": [], ""buzzer_active"": false, ""lock_geo_alert"": false, ""operation_mode"": ""MASTER"", ""battery_voltage"": 12.300000190734863, ""in_primary_zone"": false, ""lock_engine_alert"": false, ""in_restricted_zone"": false, ""onboard_geofencing"": false, ""speed_limit_active"": false}"
2023-07-19 20:06:15.535,4431,858,"354616090369062",1582,"{""key"": false, ""flip"": false, ""zone"": false, ""speed"": 7.7784, ""buzzer"": 0, ""engine"": true, ""in_zone"": true, ""ignition"": true, ""latitude"": 25.93129, ""direction"": 62, ""longitude"": -80.1186182, ""gsm_signal"": 25, ""sleep_mode"": false, ""staff_mode"": true, ""fault_codes"": [], ""speed_limit"": 0, ""engine_hours"": 1417, ""idc_triggers"": [], ""buzzer_active"": false, ""lock_geo_alert"": false, ""operation_mode"": ""MASTER"", ""battery_voltage"": 12.300000190734863, ""in_primary_zone"": false, ""lock_engine_alert"": false, ""in_restricted_zone"": false, ""onboard_geofencing"": false, ""speed_limit_active"": false}"
2023-07-19 20:06:14.575,4431,858,"354616090369062",1582,"{""key"": false, ""flip"": false, ""zone"": false, ""speed"": 7.0376, ""buzzer"": 0, ""engine"": true, ""in_zone"": true, ""ignition"": true, ""latitude"": 25.9312783, ""direction"": 56, ""longitude"": -80.118635, ""gsm_signal"": 24, ""sleep_mode"": false, ""staff_mode"": true, ""fault_codes"": [], ""speed_limit"": 0, ""engine_hours"": 1417, ""idc_triggers"": [], ""buzzer_active"": false, ""lock_geo_alert"": false, ""operation_mode"": ""MASTER"", ""battery_voltage"": 12.300000190734863, ""in_primary_zone"": false, ""lock_engine_alert"": false, ""in_restricted_zone"": false, ""onboard_geofencing"": false, ""speed_limit_active"": false}"
2023-07-19 20:06:13.535,4431,858,"354616090369062",1582,"{""key"": false, ""flip"": false, ""zone"": false, ""speed"": 7.222800000000001, ""buzzer"": 0, ""engine"": true, ""in_zone"": true, ""ignition"": true, ""latitude"": 25.9312683, ""direction"": 71, ""longitude"": -80.1186532, ""gsm_signal"": 24, ""sleep_mode"": false, ""staff_mode"": true, ""fault_codes"": [], ""speed_limit"": 0, ""engine_hours"": 1417, ""idc_triggers"": [], ""buzzer_active"": false, ""lock_geo_alert"": false, ""operation_mode"": ""MASTER"", ""battery_voltage"": 12.300000190734863, ""in_primary_zone"": false, ""lock_engine_alert"": false, ""in_restricted_zone"": false, ""onboard_geofencing"": false, ""speed_limit_active"": false}"
2023-07-19 20:06:12.575,4431,858,"354616090369062",1582,"{""key"": false, ""flip"": false, ""zone"": false, ""speed"": 9.4452, ""buzzer"": 0, ""engine"": true, ""in_zone"": true, ""ignition"": true, ""latitude"": 25.931265, ""direction"": 83, ""longitude"": -80.1186666, ""gsm_signal"": 21, ""sleep_mode"": false, ""staff_mode"": true, ""fault_codes"": [], ""speed_limit"": 0, ""engine_hours"": 1417, ""idc_triggers"": [], ""buzzer_active"": false, ""lock_geo_alert"": false, ""operation_mode"": ""MASTER"", ""battery_voltage"": 12.300000190734863, ""in_primary_zone"": false, ""lock_engine_alert"": false, ""in_restricted_zone"": false, ""onboard_geofencing"": false, ""speed_limit_active"": false}"
2023-07-19 20:06:11.535,4431,858,"354616090369062",1582,"{""key"": false, ""flip"": false, ""zone"": false, ""speed"": 10.5564, ""buzzer"": 0, ""engine"": true, ""in_zone"": true, ""ignition"": true, ""latitude"": 25.9312566, ""direction"": 88, ""longitude"": -80.1186982, ""gsm_signal"": 23, ""sleep_mode"": false, ""staff_mode"": true, ""fault_codes"": [], ""speed_limit"": 0, ""engine_hours"": 1417, ""idc_triggers"": [], ""buzzer_active"": false, ""lock_geo_alert"": false, ""operation_mode"": ""MASTER"", ""battery_voltage"": 12.300000190734863, ""in_primary_zone"": false, ""lock_engine_alert"": false, ""in_restricted_zone"": false, ""onboard_geofencing"": false, ""speed_limit_active"": false}"
2023-07-19 20:06:10.496,4431,858,"354616090369062",1582,"{""key"": false, ""flip"": false, ""zone"": false, ""speed"": 11.2972, ""buzzer"": 0, ""engine"": true, ""in_zone"": true, ""ignition"": true, ""latitude"": 25.9312566, ""direction"": 82, ""longitude"": -80.1187282, ""gsm_signal"": 25, ""sleep_mode"": false, ""staff_mode"": true, ""fault_codes"": [], ""speed_limit"": 0, ""engine_hours"": 1417, ""idc_triggers"": [], ""buzzer_active"": false, ""lock_geo_alert"": false, ""operation_mode"": ""MASTER"", ""battery_voltage"": 12.300000190734863, ""in_primary_zone"": false, ""lock_engine_alert"": false, ""in_restricted_zone"": false, ""onboard_geofencing"": false, ""speed_limit_active"": false}"
2023-07-19 20:06:09.535,4431,858,"354616090369062",1582,"{""key"": false, ""flip"": false, ""zone"": false, ""speed"": 10.3712, ""buzzer"": 0, ""engine"": true, ""in_zone"": true, ""ignition"": true, ""latitude"": 25.9312566, ""direction"": 93, ""longitude"": -80.11876, ""gsm_signal"": 18, ""sleep_mode"": false, ""staff_mode"": true, ""fault_codes"": [], ""speed_limit"": 0, ""engine_hours"": 1417, ""idc_triggers"": [], ""buzzer_active"": false, ""lock_geo_alert"": false, ""operation_mode"": ""MASTER"", ""battery_voltage"": 12.300000190734863, ""in_primary_zone"": false, ""lock_engine_alert"": false, ""in_restricted_zone"": false, ""onboard_geofencing"": false, ""speed_limit_active"": false}"
2023-07-19 20:06:08.492,4431,858,"354616090369062",1582,"{""key"": false, ""flip"": false, ""zone"": false, ""speed"": 10.186, ""buzzer"": 0, ""engine"": true, ""in_zone"": true, ""ignition"": true, ""latitude"": 25.931255, ""direction"": 87, ""longitude"": -80.11879, ""gsm_signal"": 19, ""sleep_mode"": false, ""staff_mode"": true, ""fault_codes"": [], ""speed_limit"": 0, ""engine_hours"": 1417, ""idc_triggers"": [], ""buzzer_active"": false, ""lock_geo_alert"": false, ""operation_mode"": ""MASTER"", ""battery_voltage"": 12.300000190734863, ""in_primary_zone"": false, ""lock_engine_alert"": false, ""in_restricted_zone"": false, ""onboard_geofencing"": false, ""speed_limit_active"": false}"
2023-07-19 20:06:07.561,4431,858,"354616090369062",1582,"{""key"": false, ""flip"": false, ""zone"": false, ""speed"": 9.4452, ""buzzer"": 0, ""engine"": true, ""in_zone"": true, ""ignition"": true, ""latitude"": 25.9312566, ""direction"": 93, ""longitude"": -80.11882, ""gsm_signal"": 19, ""sleep_mode"": false, ""staff_mode"": true, ""fault_codes"": [], ""speed_limit"": 0, ""engine_hours"": 1417, ""idc_triggers"": [], ""buzzer_active"": false, ""lock_geo_alert"": false, ""operation_mode"": ""MASTER"", ""battery_voltage"": 12.300000190734863, ""in_primary_zone"": false, ""lock_engine_alert"": false, ""in_restricted_zone"": false, ""onboard_geofencing"": false, ""speed_limit_active"": false}"
2023-07-19 20:06:06.492,4431,858,"354616090369062",1582,"{""key"": false, ""flip"": false, ""zone"": false, ""speed"": 10.186, ""buzzer"": 0, ""engine"": true, ""in_zone"": true, ""ignition"": true, ""latitude"": 25.9312583, ""direction"": 95, ""longitude"": -80.1188466, ""gsm_signal"": 17, ""sleep_mode"": false, ""staff_mode"": true, ""fault_codes"": [], ""speed_limit"": 0, ""engine_hours"": 1417, ""idc_triggers"": [], ""buzzer_active"": false, ""lock_geo_alert"": false, ""operation_mode"": ""MASTER"", ""battery_voltage"": 12.300000190734863, ""in_primary_zone"": false, ""lock_engine_alert"": false, ""in_restricted_zone"": false, ""onboard_geofencing"": false, ""speed_limit_active"": false}"
2023-07-19 20:06:05.532,4431,858,"354616090369062",1582,"{""key"": false, ""flip"": false, ""zone"": false, ""speed"": 12.038, ""buzzer"": 0, ""engine"": true, ""in_zone"": true, ""ignition"": true, ""latitude"": 25.93126, ""direction"": 86, ""longitude"": -80.1188782, ""gsm_signal"": 19, ""sleep_mode"": false, ""staff_mode"": true, ""fault_codes"": [], ""speed_limit"": 0, ""engine_hours"": 1417, ""idc_triggers"": [], ""buzzer_active"": false, ""lock_geo_alert"": false, ""operation_mode"": ""MASTER"", ""battery_voltage"": 12.300000190734863, ""in_primary_zone"": false, ""lock_engine_alert"": false, ""in_restricted_zone"": false, ""onboard_geofencing"": false, ""speed_limit_active"": false}"
2023-07-19 20:06:04.493,4431,858,"354616090369062",1582,"{""key"": false, ""flip"": false, ""zone"": false, ""speed"": 14.2604, ""buzzer"": 0, ""engine"": true, ""in_zone"": true, ""ignition"": true, ""latitude"": 25.9312616, ""direction"": 85, ""longitude"": -80.118915, ""gsm_signal"": 21, ""sleep_mode"": false, ""staff_mode"": true, ""fault_codes"": [], ""speed_limit"": 0, ""engine_hours"": 1417, ""idc_triggers"": [], ""buzzer_active"": false, ""lock_geo_alert"": false, ""operation_mode"": ""MASTER"", ""battery_voltage"": 12.300000190734863, ""in_primary_zone"": false, ""lock_engine_alert"": false, ""in_restricted_zone"": false, ""onboard_geofencing"": false, ""speed_limit_active"": false}"
2023-07-19 20:06:03.536,4431,858,"354616090369062",1582,"{""key"": false, ""flip"": false, ""zone"": false, ""speed"": 15.3716, ""buzzer"": 0, ""engine"": true, ""in_zone"": true, ""ignition"": true, ""latitude"": 25.931255, ""direction"": 77, ""longitude"": -80.1189566, ""gsm_signal"": 20, ""sleep_mode"": false, ""staff_mode"": true, ""fault_codes"": [], ""speed_limit"": 0, ""engine_hours"": 1417, ""idc_triggers"": [], ""buzzer_active"": false, ""lock_geo_alert"": false, ""operation_mode"": ""MASTER"", ""battery_voltage"": 12.300000190734863, ""in_primary_zone"": false, ""lock_engine_alert"": false, ""in_restricted_zone"": false, ""onboard_geofencing"": false, ""speed_limit_active"": false}"
2023-07-19 20:06:02.497,4431,858,"354616090369062",1582,"{""key"": false, ""flip"": false, ""zone"": false, ""speed"": 16.2976, ""buzzer"": 0, ""engine"": true, ""in_zone"": true, ""ignition"": true, ""latitude"": 25.9312516, ""direction"": 85, ""longitude"": -80.1189982, ""gsm_signal"": 22, ""sleep_mode"": false, ""staff_mode"": true, ""fault_codes"": [], ""speed_limit"": 0, ""engine_hours"": 1417, ""idc_triggers"": [], ""buzzer_active"": false, ""lock_geo_alert"": false, ""operation_mode"": ""MASTER"", ""battery_voltage"": 12.300000190734863, ""in_primary_zone"": false, ""lock_engine_alert"": false, ""in_restricted_zone"": false, ""onboard_geofencing"": false, ""speed_limit_active"": false}"
2023-07-19 20:06:01.532,4431,858,"354616090369062",1582,"{""key"": false, ""flip"": false, ""zone"": false, ""speed"": 15.927200000000003, ""buzzer"": 0, ""engine"": true, ""in_zone"": true, ""ignition"": true, ""latitude"": 25.9312466, ""direction"": 84, ""longitude"": -80.1190466, ""gsm_signal"": 23, ""sleep_mode"": false, ""staff_mode"": true, ""fault_codes"": [], ""speed_limit"": 0, ""engine_hours"": 1417, ""idc_triggers"": [], ""buzzer_active"": false, ""lock_geo_alert"": false, ""operation_mode"": ""MASTER"", ""battery_voltage"": 12.300000190734863, ""in_primary_zone"": false, ""lock_engine_alert"": false, ""in_restricted_zone"": false, ""onboard_geofencing"": false, ""speed_limit_active"": false}"
2023-07-19 20:06:00.492,4431,858,"354616090369062",1582,"{""key"": false, ""flip"": false, ""zone"": false, ""speed"": 17.2236, ""buzzer"": 0, ""engine"": true, ""in_zone"": true, ""ignition"": true, ""latitude"": 25.9312466, ""direction"": 88, ""longitude"": -80.1190916, ""gsm_signal"": 22, ""sleep_mode"": false, ""staff_mode"": true, ""fault_codes"": [], ""speed_limit"": 0, ""engine_hours"": 1417, ""idc_triggers"": [], ""buzzer_active"": false, ""lock_geo_alert"": false, ""operation_mode"": ""MASTER"", ""battery_voltage"": 12.300000190734863, ""in_primary_zone"": false, ""lock_engine_alert"": false, ""in_restricted_zone"": false, ""onboard_geofencing"": false, ""speed_limit_active"": false}"
2023-07-19 20:05:59.532,4431,858,"354616090369062",1582,"{""key"": false, ""flip"": false, ""zone"": false, ""speed"": 17.7792, ""buzzer"": 0, ""engine"": true, ""in_zone"": true, ""ignition"": true, ""latitude"": 25.931245, ""direction"": 82, ""longitude"": -80.1191416, ""gsm_signal"": 23, ""sleep_mode"": false, ""staff_mode"": true, ""fault_codes"": [], ""speed_limit"": 0, ""engine_hours"": 1417, ""idc_triggers"": [], ""buzzer_active"": false, ""lock_geo_alert"": false, ""operation_mode"": ""MASTER"", ""battery_voltage"": 12.300000190734863, ""in_primary_zone"": false, ""lock_engine_alert"": false, ""in_restricted_zone"": false, ""onboard_geofencing"": false, ""speed_limit_active"": false}"
2023-07-19 20:05:58.497,4431,858,"354616090369062",1582,"{""key"": false, ""flip"": false, ""zone"": false, ""speed"": 14.815999999999999, ""buzzer"": 0, ""engine"": true, ""in_zone"": true, ""ignition"": true, ""latitude"": 25.93124, ""direction"": 81, ""longitude"": -80.1191882, ""gsm_signal"": 22, ""sleep_mode"": false, ""staff_mode"": true, ""fault_codes"": [], ""speed_limit"": 0, ""engine_hours"": 1417, ""idc_triggers"": [], ""buzzer_active"": false, ""lock_geo_alert"": false, ""operation_mode"": ""MASTER"", ""battery_voltage"": 12.300000190734863, ""in_primary_zone"": false, ""lock_engine_alert"": false, ""in_restricted_zone"": false, ""onboard_geofencing"": false, ""speed_limit_active"": false}"
2023-07-19 20:05:57.532,4431,858,"354616090369062",1582,"{""key"": false, ""flip"": false, ""zone"": false, ""speed"": 13.334399999999999, ""buzzer"": 0, ""engine"": true, ""in_zone"": true, ""ignition"": true, ""latitude"": 25.9312316, ""direction"": 82, ""longitude"": -80.1192282, ""gsm_signal"": 20, ""sleep_mode"": false, ""staff_mode"": true, ""fault_codes"": [], ""speed_limit"": 0, ""engine_hours"": 1417, ""idc_triggers"": [], ""buzzer_active"": false, ""lock_geo_alert"": false, ""operation_mode"": ""MASTER"", ""battery_voltage"": 12.300000190734863, ""in_primary_zone"": false, ""lock_engine_alert"": false, ""in_restricted_zone"": false, ""onboard_geofencing"": false, ""speed_limit_active"": false}"
2023-07-19 20:05:56.492,4431,858,"354616090369062",1582,"{""key"": false, ""flip"": false, ""zone"": false, ""speed"": 11.2972, ""buzzer"": 0, ""engine"": true, ""in_zone"": true, ""ignition"": true, ""latitude"": 25.9312283, ""direction"": 84, ""longitude"": -80.1192632, ""gsm_signal"": 20, ""sleep_mode"": false, ""staff_mode"": true, ""fault_codes"": [], ""speed_limit"": 0, ""engine_hours"": 1417, ""idc_triggers"": [], ""buzzer_active"": false, ""lock_geo_alert"": false, ""operation_mode"": ""MASTER"", ""battery_voltage"": 12.300000190734863, ""in_primary_zone"": false, ""lock_engine_alert"": false, ""in_restricted_zone"": false, ""onboard_geofencing"": false, ""speed_limit_active"": false}"
2023-07-19 20:05:55.532,4431,858,"354616090369062",1582,"{""key"": false, ""flip"": false, ""zone"": false, ""speed"": 12.038, ""buzzer"": 0, ""engine"": true, ""in_zone"": true, ""ignition"": true, ""latitude"": 25.9312266, ""direction"": 87, ""longitude"": -80.1192982, ""gsm_signal"": 20, ""sleep_mode"": false, ""staff_mode"": true, ""fault_codes"": [], ""speed_limit"": 0, ""engine_hours"": 1417, ""idc_triggers"": [], ""buzzer_active"": false, ""lock_geo_alert"": false, ""operation_mode"": ""MASTER"", ""battery_voltage"": 12.300000190734863, ""in_primary_zone"": false, ""lock_engine_alert"": false, ""in_restricted_zone"": false, ""onboard_geofencing"": false, ""speed_limit_active"": false}"
2023-07-19 20:05:54.492,4431,858,"354616090369062",1582,"{""key"": false, ""flip"": false, ""zone"": false, ""speed"": 14.0752, ""buzzer"": 0, ""engine"": true, ""in_zone"": true, ""ignition"": true, ""latitude"": 25.9312316, ""direction"": 95, ""longitude"": -80.1193332, ""gsm_signal"": 20, ""sleep_mode"": false, ""staff_mode"": true, ""fault_codes"": [], ""speed_limit"": 0, ""engine_hours"": 1417, ""idc_triggers"": [], ""buzzer_active"": false, ""lock_geo_alert"": false, ""operation_mode"": ""MASTER"", ""battery_voltage"": 12.300000190734863, ""in_primary_zone"": false, ""lock_engine_alert"": false, ""in_restricted_zone"": false, ""onboard_geofencing"": false, ""speed_limit_active"": false}"
2023-07-19 20:05:53.536,4431,858,"354616090369062",1582,"{""key"": false, ""flip"": false, ""zone"": false, ""speed"": 15.927200000000003, ""buzzer"": 0, ""engine"": true, ""in_zone"": true, ""ignition"": true, ""latitude"": 25.93124, ""direction"": 100, ""longitude"": -80.1193732, ""gsm_signal"": 20, ""sleep_mode"": false, ""staff_mode"": true, ""fault_codes"": [], ""speed_limit"": 0, ""engine_hours"": 1417, ""idc_triggers"": [], ""buzzer_active"": false, ""lock_geo_alert"": false, ""operation_mode"": ""MASTER"", ""battery_voltage"": 12.300000190734863, ""in_primary_zone"": false, ""lock_engine_alert"": false, ""in_restricted_zone"": false, ""onboard_geofencing"": false, ""speed_limit_active"": false}"
2023-07-19 20:05:52.492,4431,858,"354616090369062",1582,"{""key"": false, ""flip"": false, ""zone"": false, ""speed"": 15.927200000000003, ""buzzer"": 0, ""engine"": true, ""in_zone"": true, ""ignition"": true, ""latitude"": 25.9312483, ""direction"": 102, ""longitude"": -80.1194166, ""gsm_signal"": 20, ""sleep_mode"": false, ""staff_mode"": true, ""fault_codes"": [], ""speed_limit"": 0, ""engine_hours"": 1417, ""idc_triggers"": [], ""buzzer_active"": false, ""lock_geo_alert"": false, ""operation_mode"": ""MASTER"", ""battery_voltage"": 12.300000190734863, ""in_primary_zone"": false, ""lock_engine_alert"": false, ""in_restricted_zone"": false, ""onboard_geofencing"": false, ""speed_limit_active"": false}"
2023-07-19 20:05:51.532,4431,858,"354616090369062",1582,"{""key"": false, ""flip"": false, ""zone"": false, ""speed"": 19.0756, ""buzzer"": 0, ""engine"": true, ""in_zone"": true, ""ignition"": true, ""latitude"": 25.9312616, ""direction"": 106, ""longitude"": -80.1194616, ""gsm_signal"": 20, ""sleep_mode"": false, ""staff_mode"": true, ""fault_codes"": [], ""speed_limit"": 0, ""engine_hours"": 1417, ""idc_triggers"": [], ""buzzer_active"": false, ""lock_geo_alert"": false, ""operation_mode"": ""MASTER"", ""battery_voltage"": 12.300000190734863, ""in_primary_zone"": false, ""lock_engine_alert"": false, ""in_restricted_zone"": false, ""onboard_geofencing"": false, ""speed_limit_active"": false}"
2023-07-19 20:05:50.572,4431,858,"354616090369062",1582,"{""key"": false, ""flip"": false, ""zone"": false, ""speed"": 22.409200000000002, ""buzzer"": 0, ""engine"": true, ""in_zone"": true, ""ignition"": true, ""latitude"": 25.9312716, ""direction"": 104, ""longitude"": -80.1195166, ""gsm_signal"": 19, ""sleep_mode"": false, ""staff_mode"": true, ""fault_codes"": [], ""speed_limit"": 0, ""engine_hours"": 1417, ""idc_triggers"": [], ""buzzer_active"": false, ""lock_geo_alert"": false, ""operation_mode"": ""MASTER"", ""battery_voltage"": 12.300000190734863, ""in_primary_zone"": false, ""lock_engine_alert"": false, ""in_restricted_zone"": false, ""onboard_geofencing"": false, ""speed_limit_active"": false}"
2023-07-19 20:05:49.536,4431,858,"354616090369062",1582,"{""key"": false, ""flip"": false, ""zone"": false, ""speed"": 24.4464, ""buzzer"": 0, ""engine"": true, ""in_zone"": true, ""ignition"": true, ""latitude"": 25.9312866, ""direction"": 107, ""longitude"": -80.11958, ""gsm_signal"": 18, ""sleep_mode"": false, ""staff_mode"": true, ""fault_codes"": [], ""speed_limit"": 0, ""engine_hours"": 1417, ""idc_triggers"": [], ""buzzer_active"": false, ""lock_geo_alert"": false, ""operation_mode"": ""MASTER"", ""battery_voltage"": 12.300000190734863, ""in_primary_zone"": false, ""lock_engine_alert"": false, ""in_restricted_zone"": false, ""onboard_geofencing"": false, ""speed_limit_active"": false}"
2023-07-19 20:05:48.571,4431,858,"354616090369062",1582,"{""key"": false, ""flip"": false, ""zone"": false, ""speed"": 24.4464, ""buzzer"": 0, ""engine"": true, ""in_zone"": true, ""ignition"": true, ""latitude"": 25.9313016, ""direction"": 106, ""longitude"": -80.11965, ""gsm_signal"": 22, ""sleep_mode"": false, ""staff_mode"": true, ""fault_codes"": [], ""speed_limit"": 0, ""engine_hours"": 1417, ""idc_triggers"": [], ""buzzer_active"": false, ""lock_geo_alert"": false, ""operation_mode"": ""MASTER"", ""battery_voltage"": 12.300000190734863, ""in_primary_zone"": false, ""lock_engine_alert"": false, ""in_restricted_zone"": false, ""onboard_geofencing"": false, ""speed_limit_active"": false}"
2023-07-19 20:05:47.532,4431,858,"354616090369062",1582,"{""key"": false, ""flip"": false, ""zone"": false, ""speed"": 19.6312, ""buzzer"": 0, ""engine"": true, ""in_zone"": true, ""ignition"": true, ""latitude"": 25.931315, ""direction"": 98, ""longitude"": -80.1197132, ""gsm_signal"": 23, ""sleep_mode"": false, ""staff_mode"": true, ""fault_codes"": [], ""speed_limit"": 0, ""engine_hours"": 1417, ""idc_triggers"": [], ""buzzer_active"": false, ""lock_geo_alert"": false, ""operation_mode"": ""MASTER"", ""battery_voltage"": 12.300000190734863, ""in_primary_zone"": false, ""lock_engine_alert"": false, ""in_restricted_zone"": false, ""onboard_geofencing"": false, ""speed_limit_active"": false}"
2023-07-19 20:05:46.571,4431,858,"354616090369062",1582,"{""key"": false, ""flip"": false, ""zone"": false, ""speed"": 15.5568, ""buzzer"": 0, ""engine"": true, ""in_zone"": true, ""ignition"": true, ""latitude"": 25.9313233, ""direction"": 100, ""longitude"": -80.1197666, ""gsm_signal"": 23, ""sleep_mode"": false, ""staff_mode"": true, ""fault_codes"": [], ""speed_limit"": 0, ""engine_hours"": 1417, ""idc_triggers"": [], ""buzzer_active"": false, ""lock_geo_alert"": false, ""operation_mode"": ""MASTER"", ""battery_voltage"": 12.300000190734863, ""in_primary_zone"": false, ""lock_engine_alert"": false, ""in_restricted_zone"": false, ""onboard_geofencing"": false, ""speed_limit_active"": false}"
2023-07-19 20:05:45.532,4431,858,"354616090369062",1582,"{""key"": false, ""flip"": false, ""zone"": false, ""speed"": 13.149200000000002, ""buzzer"": 0, ""engine"": true, ""in_zone"": true, ""ignition"": true, ""latitude"": 25.9313366, ""direction"": 110, ""longitude"": -80.1198082, ""gsm_signal"": 21, ""sleep_mode"": false, ""staff_mode"": true, ""fault_codes"": [], ""speed_limit"": 0, ""engine_hours"": 1417, ""idc_triggers"": [], ""buzzer_active"": false, ""lock_geo_alert"": false, ""operation_mode"": ""MASTER"", ""battery_voltage"": 12.300000190734863, ""in_primary_zone"": false, ""lock_engine_alert"": false, ""in_restricted_zone"": false, ""onboard_geofencing"": false, ""speed_limit_active"": false}"
2023-07-19 20:05:44.575,4431,858,"354616090369062",1582,"{""key"": false, ""flip"": false, ""zone"": false, ""speed"": 8.519200000000001, ""buzzer"": 0, ""engine"": true, ""in_zone"": true, ""ignition"": true, ""latitude"": 25.931345, ""direction"": 109, ""longitude"": -80.1198416, ""gsm_signal"": 20, ""sleep_mode"": false, ""staff_mode"": true, ""fault_codes"": [], ""speed_limit"": 0, ""engine_hours"": 1417, ""idc_triggers"": [], ""buzzer_active"": false, ""lock_geo_alert"": false, ""operation_mode"": ""MASTER"", ""battery_voltage"": 12.300000190734863, ""in_primary_zone"": false, ""lock_engine_alert"": false, ""in_restricted_zone"": false, ""onboard_geofencing"": false, ""speed_limit_active"": false}"
2023-07-19 20:05:43.532,4431,858,"354616090369062",1582,"{""key"": false, ""flip"": false, ""zone"": false, ""speed"": 6.8524, ""buzzer"": 0, ""engine"": true, ""in_zone"": true, ""ignition"": true, ""latitude"": 25.931355, ""direction"": 118, ""longitude"": -80.119865, ""gsm_signal"": 19, ""sleep_mode"": false, ""staff_mode"": true, ""fault_codes"": [], ""speed_limit"": 0, ""engine_hours"": 1417, ""idc_triggers"": [], ""buzzer_active"": false, ""lock_geo_alert"": false, ""operation_mode"": ""MASTER"", ""battery_voltage"": 12.300000190734863, ""in_primary_zone"": false, ""lock_engine_alert"": false, ""in_restricted_zone"": false, ""onboard_geofencing"": false, ""speed_limit_active"": false}"
2023-07-19 20:05:42.492,4431,858,"354616090369062",1582,"{""key"": false, ""flip"": false, ""zone"": false, ""speed"": 4.259600000000001, ""buzzer"": 0, ""engine"": true, ""in_zone"": true, ""ignition"": true, ""latitude"": 25.931365, ""direction"": 111, ""longitude"": -80.1198832, ""gsm_signal"": 19, ""sleep_mode"": false, ""staff_mode"": true, ""fault_codes"": [], ""speed_limit"": 0, ""engine_hours"": 1417, ""idc_triggers"": [], ""buzzer_active"": false, ""lock_geo_alert"": false, ""operation_mode"": ""MASTER"", ""battery_voltage"": 12.300000190734863, ""in_primary_zone"": false, ""lock_engine_alert"": false, ""in_restricted_zone"": false, ""onboard_geofencing"": false, ""speed_limit_active"": false}"
2023-07-19 20:05:41.532,4431,858,"354616090369062",1582,"{""key"": false, ""flip"": false, ""zone"": false, ""speed"": 5.1856, ""buzzer"": 0, ""engine"": true, ""in_zone"": true, ""ignition"": true, ""latitude"": 25.9313666, ""direction"": 98, ""longitude"": -80.1199, ""gsm_signal"": 18, ""sleep_mode"": false, ""staff_mode"": true, ""fault_codes"": [], ""speed_limit"": 0, ""engine_hours"": 1417, ""idc_triggers"": [], ""buzzer_active"": false, ""lock_geo_alert"": false, ""operation_mode"": ""MASTER"", ""battery_voltage"": 12.300000190734863, ""in_primary_zone"": false, ""lock_engine_alert"": false, ""in_restricted_zone"": false, ""onboard_geofencing"": false, ""speed_limit_active"": false}"
2023-07-19 20:05:40.508,4431,858,"354616090369062",1582,"{""key"": false, ""flip"": false, ""zone"": false, ""speed"": 5.000400000000001, ""buzzer"": 0, ""engine"": true, ""in_zone"": true, ""ignition"": true, ""latitude"": 25.9313716, ""direction"": 97, ""longitude"": -80.1199166, ""gsm_signal"": 20, ""sleep_mode"": false, ""staff_mode"": true, ""fault_codes"": [], ""speed_limit"": 0, ""engine_hours"": 1417, ""idc_triggers"": [], ""buzzer_active"": false, ""lock_geo_alert"": false, ""operation_mode"": ""MASTER"", ""battery_voltage"": 12.300000190734863, ""in_primary_zone"": false, ""lock_engine_alert"": false, ""in_restricted_zone"": false, ""onboard_geofencing"": false, ""speed_limit_active"": false}"
2023-07-19 20:05:39.532,4431,858,"354616090369062",1582,"{""key"": false, ""flip"": false, ""zone"": false, ""speed"": 5.000400000000001, ""buzzer"": 0, ""engine"": true, ""in_zone"": true, ""ignition"": true, ""latitude"": 25.9313733, ""direction"": 90, ""longitude"": -80.1199332, ""gsm_signal"": 20, ""sleep_mode"": false, ""staff_mode"": true, ""fault_codes"": [], ""speed_limit"": 0, ""engine_hours"": 1417, ""idc_triggers"": [], ""buzzer_active"": false, ""lock_geo_alert"": false, ""operation_mode"": ""MASTER"", ""battery_voltage"": 12.300000190734863, ""in_primary_zone"": false, ""lock_engine_alert"": false, ""in_restricted_zone"": false, ""onboard_geofencing"": false, ""speed_limit_active"": false}"
2023-07-19 20:05:38.492,4431,858,"354616090369062",1582,"{""key"": false, ""flip"": false, ""zone"": false, ""speed"": 6.482000000000001, ""buzzer"": 0, ""engine"": true, ""in_zone"": true, ""ignition"": true, ""latitude"": 25.9313733, ""direction"": 101, ""longitude"": -80.1199482, ""gsm_signal"": 19, ""sleep_mode"": false, ""staff_mode"": true, ""fault_codes"": [], ""speed_limit"": 0, ""engine_hours"": 1417, ""idc_triggers"": [], ""buzzer_active"": false, ""lock_geo_alert"": false, ""operation_mode"": ""MASTER"", ""battery_voltage"": 12.300000190734863, ""in_primary_zone"": false, ""lock_engine_alert"": false, ""in_restricted_zone"": false, ""onboard_geofencing"": false, ""speed_limit_active"": false}"
2023-07-19 20:05:37.532,4431,858,"354616090369062",1582,"{""key"": false, ""flip"": false, ""zone"": false, ""speed"": 5.9264, ""buzzer"": 0, ""engine"": true, ""in_zone"": true, ""ignition"": true, ""latitude"": 25.9313766, ""direction"": 102, ""longitude"": -80.1199666, ""gsm_signal"": 22, ""sleep_mode"": false, ""staff_mode"": true, ""fault_codes"": [], ""speed_limit"": 0, ""engine_hours"": 1417, ""idc_triggers"": [], ""buzzer_active"": false, ""lock_geo_alert"": false, ""operation_mode"": ""MASTER"", ""battery_voltage"": 12.300000190734863, ""in_primary_zone"": false, ""lock_engine_alert"": false, ""in_restricted_zone"": false, ""onboard_geofencing"": false, ""speed_limit_active"": false}"
2023-07-19 20:05:36.492,4431,858,"354616090369062",1582,"{""key"": false, ""flip"": false, ""zone"": false, ""speed"": 4.0744, ""buzzer"": 0, ""engine"": false, ""in_zone"": true, ""ignition"": true, ""latitude"": 25.93138, ""direction"": 76, ""longitude"": -80.119985, ""gsm_signal"": 23, ""sleep_mode"": false, ""staff_mode"": true, ""fault_codes"": [], ""speed_limit"": 0, ""engine_hours"": 1417, ""idc_triggers"": [], ""buzzer_active"": false, ""lock_geo_alert"": false, ""operation_mode"": ""MASTER"", ""battery_voltage"": 12.300000190734863, ""in_primary_zone"": false, ""lock_engine_alert"": false, ""in_restricted_zone"": false, ""onboard_geofencing"": false, ""speed_limit_active"": false}"
2023-07-19 20:05:35.535,4431,858,"354616090369062",1582,"{""key"": false, ""flip"": false, ""zone"": false, ""speed"": 3.1484, ""buzzer"": 0, ""engine"": false, ""in_zone"": true, ""ignition"": true, ""latitude"": 25.9313766, ""direction"": 48, ""longitude"": -80.1199966, ""gsm_signal"": 20, ""sleep_mode"": false, ""staff_mode"": true, ""fault_codes"": [], ""speed_limit"": 0, ""engine_hours"": 1417, ""idc_triggers"": [], ""buzzer_active"": false, ""lock_geo_alert"": false, ""operation_mode"": ""MASTER"", ""battery_voltage"": 12.300000190734863, ""in_primary_zone"": false, ""lock_engine_alert"": false, ""in_restricted_zone"": false, ""onboard_geofencing"": false, ""speed_limit_active"": false}"
2023-07-19 20:05:34.572,4431,858,"354616090369062",1582,"{""key"": false, ""flip"": false, ""zone"": false, ""speed"": 4.0744, ""buzzer"": 0, ""engine"": false, ""in_zone"": true, ""ignition"": true, ""latitude"": 25.9313683, ""direction"": 38, ""longitude"": -80.120005, ""gsm_signal"": 20, ""sleep_mode"": false, ""staff_mode"": true, ""fault_codes"": [], ""speed_limit"": 0, ""engine_hours"": 1417, ""idc_triggers"": [], ""buzzer_active"": false, ""lock_geo_alert"": false, ""operation_mode"": ""MASTER"", ""battery_voltage"": 12.300000190734863, ""in_primary_zone"": false, ""lock_engine_alert"": false, ""in_restricted_zone"": false, ""onboard_geofencing"": false, ""speed_limit_active"": false}"
2023-07-19 20:05:33.773,4431,858,"354616090369062",1582,"{""key"": false, ""flip"": false, ""zone"": false, ""speed"": 3.8892, ""buzzer"": 0, ""engine"": true, ""in_zone"": true, ""ignition"": true, ""latitude"": 25.93136, ""direction"": 36, ""longitude"": -80.1200282, ""gsm_signal"": 22, ""sleep_mode"": false, ""staff_mode"": true, ""fault_codes"": [], ""speed_limit"": 0, ""engine_hours"": 1417, ""idc_triggers"": [], ""buzzer_active"": false, ""lock_geo_alert"": false, ""operation_mode"": ""MASTER"", ""battery_voltage"": 12.300000190734863, ""in_primary_zone"": false, ""lock_engine_alert"": false, ""in_restricted_zone"": false, ""onboard_geofencing"": false, ""speed_limit_active"": false}"
2023-07-19 20:05:32.093,4431,858,"354616090369062",1582,"{""key"": false, ""flip"": false, ""zone"": false, ""speed"": 3.1484, ""buzzer"": 0, ""engine"": true, ""in_zone"": true, ""ignition"": true, ""latitude"": 25.93135, ""direction"": 41, ""longitude"": -80.1200332, ""gsm_signal"": 25, ""sleep_mode"": false, ""staff_mode"": true, ""speed_limit"": 0, ""idc_triggers"": [], ""buzzer_active"": false, ""lock_geo_alert"": false, ""operation_mode"": ""MASTER"", ""battery_voltage"": 13.699999809265137, ""in_primary_zone"": false, ""lock_engine_alert"": false, ""in_restricted_zone"": false, ""onboard_geofencing"": false, ""speed_limit_active"": false}"
